Wavelength,Intensity
324.907733,713.0
325.17339567824854,640.0
325.4390577082402,647.0
325.70471908284435,662.0
325.97037979492995,710.0
326.23603983736626,695.0
326.50169920302244,705.0
326.7673578847678,699.0
327.0330158754714,698.0
327.2986731680023,705.0
327.56432975523006,705.0
327.8299856300235,709.0
328.0956407852518,700.0
328.36129521378444,694.0
328.62694890849036,704.0
328.89260186223873,706.0
329.1582540678989,707.0
329.42390551833995,712.0
329.68955620643095,709.0
329.95520612504123,709.0
330.22085526704,684.0
330.48650362529634,685.0
330.75215119267943,678.0
331.0177979620585,689.0
331.28344392630265,706.0
331.54908907828127,705.0
331.8147334108633,710.0
332.080376916918,692.0
332.34601958931455,704.0
332.6116614209222,705.0
332.8773024046101,703.0
333.14294253324726,707.0
333.4085817997031,693.0
333.67422019684665,701.0
333.9398577175471,713.0
334.20549435467376,695.0
334.4711301010957,711.0
334.7367649496821,715.0
335.00239889330214,690.0
335.2680319248251,700.0
335.53366403712005,708.0
335.7992952230561,689.0
336.06492547550266,678.0
336.3305547873287,689.0
336.5961831514035,722.0
336.86181056059627,712.0
337.1274370077761,707.0
337.3930624858122,714.0
337.6586869875738,698.0
337.92431050593,709.0
338.18993303375,710.0
338.45555456390304,721.0
338.7211750892583,708.0
338.9867946026848,715.0
339.25241309705194,706.0
339.5180305652288,708.0
339.78364700008444,709.0
340.04926239448827,700.0
340.3148767413094,707.0
340.5804900334169,677.0
340.84610226368,699.0
341.11171342496795,690.0
341.3773235101499,692.0
341.6429325120949,706.0
341.9085404236723,701.0
342.1741472377513,708.0
342.4397529472009,699.0
342.7053575448904,705.0
342.970961023689,714.0
343.23656337646577,709.0
343.50216459609004,705.0
343.76776467543084,693.0
344.03336360735744,686.0
344.298961384739,688.0
344.5645580004447,693.0
344.8301534473438,704.0
345.0957477183053,705.0
345.36134080619854,695.0
345.6269327038926,702.0
345.8925234042567,681.0
346.15811290016,710.0
346.4237011844718,700.0
346.689288250061,709.0
346.9548740897971,707.0
347.22045869654914,692.0
347.48604206318623,688.0
347.7516241825777,705.0
348.0172050475926,701.0
348.28278465110014,722.0
348.54836298596956,693.0
348.81394004507,716.0
349.07951582127066,702.0
349.34509030744067,701.0
349.61066349644926,708.0
349.87623538116554,695.0
350.14180595445873,704.0
350.40737520919805,686.0
350.6729431382527,684.0
350.9385097344918,695.0
351.2040749907844,709.0
351.4696389,714.0
351.73520145500754,714.0
352.00076264867624,694.0
352.26632247387533,719.0
352.531880923474,733.0
352.7974379903412,701.0
353.0629936673465,683.0
353.32854794735886,684.0
353.59410082324735,697.0
353.8596522878814,697.0
354.12520233413005,711.0
354.39075095486237,692.0
354.65629814294783,692.0
354.92184389125543,699.0
355.1873881926543,697.0
355.45293104001377,700.0
355.7184724262029,682.0
355.98401234409084,716.0
356.249550786547,714.0
356.51508774644026,718.0
356.78062321664,698.0
357.0461571900153,713.0
357.31168965943544,702.0
357.5772206177695,705.0
357.8427500578867,718.0
358.10827797265625,708.0
358.3738043549473,709.0
358.63932919762897,734.0
358.90485249357056,705.0
359.1703742356412,720.0
359.43589441670997,697.0
359.70141302964623,696.0
359.966930067319,672.0
360.23244552259763,693.0
360.49795938835115,710.0
360.76347165744875,720.0
361.0289823227597,701.0
361.2944913771531,705.0
361.55999881349817,704.0
361.82550462466406,711.0
362.09100880352,709.0
362.3565113429351,710.0
362.6220122357787,712.0
362.8875114749197,704.0
363.15300905322755,705.0
363.4185049635713,710.0
363.68399919882006,704.0
363.9494917518432,690.0
364.21498261550977,699.0
364.480471782689,710.0
364.74595924625,708.0
365.01144499906206,727.0
365.27692903399424,702.0
365.54241134391583,717.0
365.80789192169595,690.0
366.0733707602038,690.0
366.3388478523085,692.0
366.60432319087926,683.0
366.8697967687854,709.0
367.1352685788958,710.0
367.40073861408,697.0
367.66620686720694,700.0
367.9316733311458,702.0
368.1971379987659,709.0
368.4626008629363,718.0
368.72806191652626,709.0
368.99352115240487,699.0
369.2589785634414,724.0
369.524434142505,718.0
369.78988788246477,702.0
370.05533977619,693.0
370.3207898165498,689.0
370.5862379964134,710.0
370.85168430865,698.0
371.11712874612874,692.0
371.3825713017187,700.0
371.64801196828927,698.0
371.9134507387095,689.0
372.17888760584856,693.0
372.4443225625757,698.0
372.70975560176,682.0
372.9751867162708,688.0
373.24061589897707,713.0
373.5060431427481,692.0
373.7714684404531,712.0
374.03689178496126,704.0
374.30231316914166,708.0
374.56773258586367,696.0
374.83315002799617,699.0
375.09856548840855,700.0
375.36397895997004,725.0
375.6293904355496,712.0
375.89479990801664,686.0
376.16020737024024,708.0
376.4256128150895,679.0
376.6910162354337,699.0
376.9564176241421,713.0
377.22181697408365,712.0
377.48721427812774,688.0
377.7526095291435,712.0
378.01800272,698.0
378.28339384356656,721.0
378.54878289271227,692.0
378.81416986030627,722.0
379.07955473921794,695.0
379.34493752231623,698.0
379.61031820247047,718.0
379.87569677254976,695.0
380.1410732254234,699.0
380.4064475539604,697.0
380.67181975102994,694.0
380.93718980950143,703.0
381.20255772224385,719.0
381.4679234821264,690.0
381.7332870820183,700.0
381.9986485147888,696.0
382.2640077733069,692.0
382.5293648504419,716.0
382.79471973906294,692.0
383.0600724320393,705.0
383.32542292223997,712.0
383.59077120253437,698.0
383.8561172657915,705.0
384.1214611048805,706.0
384.3868027126708,700.0
384.6521420820313,700.0
384.9174792058312,708.0
385.18281407694,686.0
385.4481466882266,714.0
385.71347703256015,696.0
385.97880510281,720.0
386.24413089184526,691.0
386.5094543925351,683.0
386.7747755977486,729.0
387.04009450035517,701.0
387.3054110932237,710.0
387.5707253692237,704.0
387.83603732122407,679.0
388.10134694209415,699.0
388.36665422470304,704.0
388.63195916192,676.0
388.89726174661416,698.0
389.1625619716546,699.0
389.42785982991074,706.0
389.6931553142515,691.0
389.95844841754626,700.0
390.2237391326641,686.0
390.4890274524742,705.0
390.7543133698457,683.0
391.019596877648,686.0
391.28487796875,705.0
391.5501566360211,703.0
391.81543287233023,709.0
392.0807066705468,716.0
392.3459780235399,719.0
392.6112469241787,702.0
392.87651336533247,695.0
393.1417773398703,691.0
393.4070388406614,694.0
393.6722978605749,705.0
393.93755439248,705.0
394.2028084292459,709.0
394.46805996374184,708.0
394.73330898883694,688.0
394.99855549740033,713.0
395.26379948230124,704.0
395.5290409364089,700.0
395.79427985259235,685.0
396.05951622372095,718.0
396.3247500426638,699.0
396.58998130229,700.0
396.85520999546884,715.0
397.1204361150694,694.0
397.38565965396106,709.0
397.6508806050127,693.0
397.9160989610938,694.0
398.1813147150733,688.0
398.44652785982055,710.0
398.71173838820454,700.0
398.97694629309467,691.0
399.24215156735994,685.0
399.50735420386974,700.0
399.77255419549306,698.0
400.0377515350991,689.0
400.3029462155571,704.0
400.56813822973623,702.0
400.8333275705056,683.0
401.0985142307346,694.0
401.3636982032922,685.0
401.6288794810476,694.0
401.89405805687005,708.0
402.1592339236286,691.0
402.4244070741927,710.0
402.6895775014312,693.0
402.9547451982135,683.0
403.2199101574087,708.0
403.48507237188613,705.0
403.75023183451464,695.0
404.01538853816373,705.0
404.2805424757024,693.0
404.54569363999997,689.0
404.81084202392555,692.0
405.07598762034826,707.0
405.3411304221373,696.0
405.6062704221619,689.0
405.8714076132913,698.0
406.1365419883944,701.0
406.40167354034077,706.0
406.66680226199935,722.0
406.9319281462394,696.0
407.19705118593004,700.0
407.46217137394046,685.0
407.72728870313983,678.0
407.99240316639737,695.0
408.25751475658234,678.0
408.5226234665638,703.0
408.78772928921086,691.0
409.0528322173929,686.0
409.3179322439789,693.0
409.58302936183827,705.0
409.84812356384,708.0
410.1132148428533,700.0
410.3783031917475,722.0
410.6433886033915,721.0
410.90847107065474,705.0
411.17355058640624,716.0
411.4386271435153,698.0
411.703700734851,707.0
411.9687713532826,692.0
412.23383899167914,693.0
412.49890364290997,716.0
412.7639652998442,698.0
413.029023955351,712.0
413.29407960229963,689.0
413.5591322335591,696.0
413.8241818419988,704.0
414.08922842048764,689.0
414.3542719618951,704.0
414.61931245909017,708.0
414.8843499049421,710.0
415.14938429232,700.0
415.4144156140931,698.0
415.67944386313064,709.0
415.9444690323017,689.0
416.2094911144755,699.0
416.47451010252126,713.0
416.7395259893081,718.0
417.00453876770524,708.0
417.2695484305817,708.0
417.53455497080694,708.0
417.79955838125,711.0
418.06455865478,689.0
418.32955578426623,683.0
418.5945497625778,713.0
418.859540582584,709.0
419.12452823715375,690.0
419.38951271915647,685.0
419.6544940214613,694.0
419.9194721369373,686.0
420.1844470584539,685.0
420.44941877888004,706.0
420.71438729108496,706.0
420.97935258793785,696.0
421.2443146623079,707.0
421.5092735070643,692.0
421.77422911507625,695.0
422.0391814792129,692.0
422.30413059234337,702.0
422.569076447337,710.0
422.8340190370628,701.0
423.09895835439,695.0
423.36389439218783,707.0
423.62882714332545,688.0
423.893756600672,704.0
424.1586827570967,698.0
424.42360560546877,694.0
424.68852513865727,691.0
424.9534413495315,692.0
425.2183542309606,691.0
425.4832637758137,683.0
425.74816997695996,694.0
426.01307282726873,701.0
426.277972319609,686.0
426.5428684468501,702.0
426.8077612018611,692.0
427.07265057751124,694.0
427.3375365666697,717.0
427.6024191622056,717.0
427.86729835698816,695.0
428.1321741438866,702.0
428.39704651577,702.0
428.66191546550766,704.0
428.92678098596866,702.0
429.1916430700222,712.0
429.4565017105375,694.0
429.7213569003837,691.0
429.9862086324301,698.0
430.25105689954574,690.0
430.5159016945998,714.0
430.78074301046144,697.0
431.04558084,705.0
431.3104151760845,704.0
431.5752460115842,712.0
431.8400733393683,690.0
432.1048971523059,689.0
432.36971744326627,682.0
432.6345342051185,706.0
432.8993474307318,687.0
433.1641571129753,685.0
433.4289632447184,694.0
433.69376581883,712.0
433.9585648281794,692.0
434.22336026563585,695.0
434.4881521240684,714.0
434.7529403963463,691.0
435.0177250753387,698.0
435.2825061539149,696.0
435.5472836249439,705.0
435.812057481295,701.0
436.0768277158373,715.0
436.34159432144,698.0
436.60635729097226,699.0
436.8711166173034,680.0
437.1358722933025,686.0
437.4006243118387,694.0
437.66537266578126,678.0
437.93011734799927,701.0
438.1948583513619,701.0
438.45959566873853,703.0
438.72432929299816,703.0
438.98905921701004,686.0
439.25378543364326,709.0
439.51850793576705,700.0
439.7832267162506,702.0
440.0479417679631,674.0
440.31265308377374,686.0
440.5773606565517,685.0
440.8420644791661,703.0
441.1067645444861,706.0
441.3714608453811,690.0
441.6361533747199,690.0
441.90084212537215,680.0
442.16552709020664,712.0
442.4302082620927,704.0
442.6948856338995,696.0
442.9595591984962,707.0
443.22422894875206,687.0
443.48889487753615,704.0
443.7535569777178,697.0
444.018215242166,711.0
444.28286966375003,699.0
444.54752023533905,712.0
444.81216694980225,711.0
445.0768098000088,689.0
445.34144877882795,715.0
445.6060838791288,710.0
445.8707150937805,713.0
446.13534241565225,698.0
446.39996583761337,700.0
446.66458535253287,700.0
446.92920095328,683.0
447.1938126327239,689.0
447.4584203837338,691.0
447.7230241991789,679.0
447.98762407192834,699.0
448.25221999485126,692.0
448.5168119608169,692.0
448.78139996269437,696.0
449.045983993353,701.0
449.3105640456618,708.0
449.57514011249,686.0
449.83971218670683,693.0
450.10428026118143,713.0
450.368844328783,709.0
450.6334043823807,710.0
450.8979604148438,709.0
451.16251241904126,698.0
451.42706038784246,705.0
451.6916043141165,699.0
451.9561441907327,712.0
452.22068001056,684.0
452.4852117664678,693.0
452.74973945132507,700.0
453.0142630580011,692.0
453.27878257936516,703.0
453.54329800828623,708.0
453.80780933763367,721.0
454.0723165602766,695.0
454.3368196690842,695.0
454.6013186569255,712.0
454.86581351667,699.0
455.1303042411866,706.0
455.39479082334464,708.0
455.6592732560132,697.0
455.92375153206154,707.0
456.1882256443588,685.0
456.4526955857741,710.0
456.71716134917665,709.0
456.98162292743575,700.0
457.24608031342046,705.0
457.5105335,708.0
457.77498248004355,691.0
458.0394272464202,707.0
458.3038677919993,706.0
458.5683041096499,699.0
458.83273619224127,691.0
459.0971640326425,704.0
459.3615876237228,694.0
459.6260069583513,696.0
459.89042202939737,707.0
460.15483282972997,698.0
460.41923935221837,694.0
460.68364158973185,682.0
460.94803953513946,682.0
461.21243318131036,685.0
461.4768225211137,695.0
461.74120754741887,689.0
462.0055882530949,693.0
462.26996463101096,716.0
462.53433667403624,710.0
462.79870437504,713.0
463.06306772689135,699.0
463.32742672245945,702.0
463.59178135461343,702.0
463.8561316162227,707.0
464.12047750015626,731.0
464.3848189992833,713.0
464.6491561064731,706.0
464.91348881459453,695.0
465.17781711651713,690.0
465.44214100511,710.0
465.70646047324226,708.0
465.97077551378305,698.0
466.23508611960165,709.0
466.49939228356715,692.0
466.7636939985488,717.0
467.02799125741564,717.0
467.2922840530371,696.0
467.55657237828217,706.0
467.8208562260201,698.0
468.08513558912,695.0
468.3494104604511,702.0
468.6136808328826,709.0
468.8779466992837,678.0
469.14220805252353,690.0
469.4064648854713,694.0
469.67071719099613,695.0
469.9349649619672,683.0
470.1992081912538,704.0
470.46344687172495,696.0
470.72768099625,691.0
470.991910557698,736.0
471.25613554893823,684.0
471.5203559628398,704.0
471.78457179227195,697.0
472.0487830301037,715.0
472.31298966920446,708.0
472.5771917024433,685.0
472.84138912268935,693.0
473.1055819228119,700.0
473.36977009568,696.0
473.63395363416294,681.0
473.8981325311298,696.0
474.1623067794499,719.0
474.4264763719923,708.0
474.69064130162633,697.0
474.95480156122085,725.0
475.2189571436454,687.0
475.48310804176896,709.0
475.74725424846076,716.0
476.01139575659,704.0
476.27553255902586,684.0
476.5396646486374,699.0
476.803792018294,701.0
477.0679146608647,696.0
477.3320325692187,694.0
477.59614573622525,698.0
477.86025415475353,694.0
478.1243578176726,699.0
478.3884567178516,718.0
478.65255084816005,694.0
478.9166402014667,709.0
479.180724770641,693.0
479.44480454855216,695.0
479.7088795280692,691.0
479.97294970206127,725.0
480.2370150633977,701.0
480.5010756049476,707.0
480.7651313195802,704.0
481.02918220016454,709.0
481.29322823957006,698.0
481.5572694306657,705.0
481.8213057663207,687.0
482.08533723940417,684.0
482.3493638427855,702.0
482.61338556933373,703.0
482.8774024119181,700.0
483.1414143634077,706.0
483.40542141667174,713.0
483.66942356457946,701.0
483.93342079999996,698.0
484.19741311580253,700.0
484.4614005048562,701.0
484.72538296003034,708.0
484.9893604741939,707.0
485.25333304021626,709.0
485.51730065096643,705.0
485.78126329931376,701.0
486.04522097812736,713.0
486.3091736802764,696.0
486.57312139863006,716.0
486.8370641260574,715.0
487.10100185542785,708.0
487.36493457961035,698.0
487.6288622914743,712.0
487.89278498388876,709.0
488.1567026497229,699.0
488.42061528184587,705.0
488.684522873127,725.0
488.9484254164352,713.0
489.21232290464,713.0
489.47621533061033,716.0
489.7401026872154,721.0
490.0039849673245,715.0
490.26786216380674,690.0
490.5317342695312,721.0
490.79560127736727,718.0
491.059463180184,712.0
491.32331997085055,717.0
491.58717164223617,715.0
491.85101818721,709.0
492.11485959864126,708.0
492.378695869399,718.0
492.6425269923526,712.0
492.9063529603711,718.0
493.1701737663237,709.0
493.43398940307964,711.0
493.6977998635081,692.0
493.9616051404781,734.0
494.22540522685904,715.0
494.48920011552,697.0
494.7529897993301,710.0
495.0167742711587,704.0
495.2805535238747,708.0
495.54432755034753,693.0
495.8080963434462,697.0
496.07185989604005,691.0
496.3356182009982,693.0
496.5993712511898,702.0
496.863119039484,697.0
497.12686155875,691.0
497.39059880185704,720.0
497.6543307616742,705.0
497.9180574310708,692.0
498.1817788029159,702.0
498.44549487007873,707.0
498.70920562542847,714.0
498.9729110618342,703.0
499.23661117216534,705.0
499.50030594929086,702.0
499.76399538608,688.0
500.02767947540195,705.0
500.29135821012585,701.0
500.5550315831209,708.0
500.81869958725633,709.0
501.08236221540125,709.0
501.3460194604249,712.0
501.6096713151964,694.0
501.8733177725849,701.0
502.13695882545977,697.0
502.40059446668994,706.0
502.66422468914476,711.0
502.92784948569346,699.0
503.191468849205,714.0
503.45508277254874,701.0
503.71869124859376,708.0
503.98229427020925,708.0
504.24589183026444,710.0
504.50948392162854,713.0
504.77307053717067,714.0
505.03665166976003,702.0
505.30022731226575,719.0
505.56379745755703,694.0
505.82736209850304,691.0
506.09092122797307,700.0
506.3544748388362,697.0
506.6180229239617,701.0
506.88156547621867,700.0
507.14510248847614,702.0
507.40863395360356,695.0
507.67215986446996,722.0
507.93568021394464,704.0
508.19919499489663,682.0
508.4627042001952,698.0
508.72620782270945,712.0
508.9897058553088,701.0
509.25319829086203,729.0
509.5166851222387,706.0
509.7801663423078,708.0
510.0436419439385,698.0
510.30711191999995,706.0
510.57057626336154,682.0
510.8340349668922,718.0
511.09748802346127,714.0
511.36093542593795,692.0
511.62437716719126,719.0
511.8878132400905,711.0
512.1512436375048,714.0
512.4146683523035,694.0
512.6780873773553,682.0
512.94150070553,712.0
513.2049083296965,689.0
513.4683102427239,700.0
513.7317064374814,702.0
513.9950969068383,695.0
514.2584816436637,699.0
514.521860640827,705.0
514.7852338911969,703.0
515.048601387643,690.0
515.3119631230344,709.0
515.57531909024,707.0
515.8386692821292,714.0
516.1020136915714,701.0
516.3653523114355,718.0
516.6286851345907,709.0
516.8920121539062,698.0
517.1553333622512,695.0
517.4186487524951,696.0
517.6819583175065,689.0
517.9452620501551,704.0
518.20855994331,702.0
518.4718519898402,699.0
518.7351381826151,701.0
518.9984185145036,680.0
519.261692978375,707.0
519.5249615670987,677.0
519.7882242735436,701.0
520.0514810905792,698.0
520.3147320110742,687.0
520.5779770278981,694.0
520.8412161339199,709.0
521.104449322009,720.0
521.3676765850346,693.0
521.6308979158657,697.0
521.8941133073715,694.0
522.1573227524211,695.0
522.4205262438842,705.0
522.6837237746292,695.0
522.9469153375258,697.0
523.2101009254429,727.0
523.4732805312501,721.0
523.7364541478161,705.0
523.9996217680101,706.0
524.2627833847017,722.0
524.5259389907599,713.0
524.7890885790537,702.0
525.0522321424525,704.0
525.3153696738253,699.0
525.5785011660414,687.0
525.8416266119698,705.0
526.10474600448,702.0
526.3678593364409,724.0
526.6309666007219,716.0
526.8940677901919,708.0
527.1571628977202,739.0
527.4202519161763,707.0
527.6833348384288,689.0
527.9464116573473,692.0
528.2094823658009,683.0
528.4725469566588,711.0
528.73560542279,705.0
528.9986577570637,697.0
529.2617039523495,688.0
529.524744001516,698.0
529.7877778974326,703.0
530.0508056329687,709.0
530.3138272009933,715.0
530.5768425943755,698.0
530.8398518059845,709.0
531.1028548286897,718.0
531.36585165536,696.0
531.6288422788647,699.0
531.8918266920731,695.0
532.1548048878542,710.0
532.4177768590772,690.0
532.6807425986112,706.0
532.9437020993256,719.0
533.2066553540895,694.0
533.4696023557722,720.0
533.7325430972427,696.0
533.99547757137,710.0
534.2584057710236,702.0
534.5213276890727,701.0
534.7842433183862,695.0
535.0471526518335,715.0
535.3100556822839,695.0
535.5729524026061,698.0
535.8358428056696,691.0
536.0987268843437,700.0
536.3616046314975,701.0
536.62447604,705.0
536.8873411027205,708.0
537.1501998125283,703.0
537.4130521622923,728.0
537.6758981448819,714.0
537.9387377531663,743.0
538.2015709800144,712.0
538.4643978182958,708.0
538.7272182608793,743.0
538.9900323006343,742.0
539.2528399304301,731.0
539.5156411431353,735.0
539.7784359316198,738.0
540.0412242887525,734.0
540.3040062074024,754.0
540.5667816804388,792.0
540.8295507007308,757.0
541.0923132611479,774.0
541.355069354559,777.0
541.6178189738332,788.0
541.88056211184,790.0
542.1432987614484,771.0
542.4060289155275,794.0
542.6687525669464,781.0
542.9314697085747,781.0
543.1941803332812,774.0
543.4568844339353,799.0
543.719582003406,793.0
543.9822730345626,793.0
544.2449575202742,770.0
544.5076354534099,792.0
544.7703068268391,787.0
545.032971633431,782.0
545.2956298660547,780.0
545.5582815175792,778.0
545.8209265808737,778.0
546.0835650488077,751.0
546.3461969142501,758.0
546.6088221700701,750.0
546.8714408091371,738.0
547.13405282432,746.0
547.3966582084881,746.0
547.6592569545106,731.0
547.9218490552568,728.0
548.1844345035955,723.0
548.4470132923962,738.0
548.7095854145281,726.0
548.9721508628603,722.0
549.2347096302618,733.0
549.497261709602,720.0
549.7598070937499,729.0
550.022345775575,728.0
550.2848777479463,713.0
550.5474030037328,723.0
550.8099215358038,722.0
551.0724333370288,738.0
551.3349384002764,739.0
551.5974367184164,699.0
551.8599282843173,715.0
552.1224130908488,711.0
552.38489113088,729.0
552.6473623972798,718.0
552.9098268829177,707.0
553.1722845806628,717.0
553.4347354833842,701.0
553.6971795839513,698.0
553.9596168752329,709.0
554.2220473500984,731.0
554.484471001417,728.0
554.7468878220577,716.0
555.00929780489,708.0
555.2717009427828,713.0
555.5340972286054,697.0
555.796486655227,704.0
556.0588692155168,694.0
556.3212449023438,677.0
556.5836137085773,697.0
556.8459756270865,694.0
557.1083306507406,683.0
557.3706787724087,687.0
557.6330199849599,686.0
557.8953542812636,700.0
558.1576816541891,719.0
558.4200020966051,697.0
558.6823156013811,698.0
558.9446221613863,700.0
559.2069217694898,697.0
559.4692144185605,701.0
559.7315001014681,697.0
559.9937788110816,699.0
560.25605054027,688.0
560.5183152819027,717.0
560.7805730288486,692.0
561.0428237739773,700.0
561.3050675101575,691.0
561.5673042302587,684.0
561.82953392715,712.0
562.0917565937007,700.0
562.3539722227798,690.0
562.6161808072563,707.0
562.8783823400001,691.0
563.1405768138794,683.0
563.4027642217642,700.0
563.6649445565233,718.0
563.9271178110259,689.0
564.1892839781412,693.0
564.4514430507384,695.0
564.7135950216867,696.0
564.9757398838553,689.0
565.2378776301133,706.0
565.50000825333,707.0
565.7621317463745,684.0
566.0242481021158,706.0
566.2863573134233,714.0
566.5484593731663,710.0
566.8105542742137,713.0
567.072642009435,726.0
567.3347225716989,701.0
567.5967959538749,696.0
567.8588621488324,730.0
568.12092114944,697.0
568.3829729485673,708.0
568.6450175390834,705.0
568.9070549138575,715.0
569.1690850657587,684.0
569.4311079876562,694.0
569.6931236724192,691.0
569.955132112917,701.0
570.2171333020185,699.0
570.4791272325932,688.0
570.74111389751,715.0
571.0030932896383,699.0
571.265065401847,684.0
571.5270302270055,715.0
571.7889877579831,696.0
572.0509379876487,711.0
572.3128809088716,717.0
572.574816514521,726.0
572.8367447974662,695.0
573.098665750576,687.0
573.3605793667199,717.0
573.6224856387672,697.0
573.8843845595867,706.0
574.1462761220478,700.0
574.4081603190194,710.0
574.6700371433712,703.0
574.931906587972,700.0
575.1937686456912,689.0
575.4556233093978,710.0
575.7174705719609,705.0
575.97931042625,708.0
576.241142865134,695.0
576.5029678814823,709.0
576.7647854681638,706.0
577.026595618048,706.0
577.2883983240038,708.0
577.5501935789003,690.0
577.8119813756073,710.0
578.0737617069933,727.0
578.3355345659279,726.0
578.5972999452799,728.0
578.859057837919,722.0
579.1208082367139,739.0
579.3825511345339,734.0
579.6442865242484,719.0
579.9060143987261,718.0
580.1677347508369,730.0
580.4294475734494,706.0
580.691152859433,696.0
580.9528506016568,700.0
581.21454079299,701.0
581.4762234263019,735.0
581.7378984944614,710.0
581.9995659903379,720.0
582.2612259068007,717.0
582.5228782367186,717.0
582.7845229729613,726.0
583.0461601083974,726.0
583.3077896358966,722.0
583.5694115483276,720.0
583.83102583856,726.0
584.0926324994628,715.0
584.354231523905,731.0
584.6158229047562,704.0
584.8774066348851,710.0
585.1389827071613,722.0
585.4005511144537,732.0
585.6621118496316,722.0
585.9236649055642,726.0
586.1852102751204,740.0
586.4467479511701,716.0
586.7082779265816,726.0
586.9698001942247,723.0
587.2313147469682,734.0
587.4928215776814,705.0
587.7543206792338,708.0
588.0158120444939,732.0
588.2772956663316,750.0
588.5387715376157,713.0
588.8002396512155,717.0
589.0617,724.0
589.3231525768384,696.0
589.5845973746003,699.0
589.8460343861542,708.0
590.10746360437,708.0
590.3688850221163,705.0
590.6302986322625,701.0
590.8917044276778,706.0
591.1531024012312,710.0
591.4144925457924,697.0
591.67587485423,706.0
591.9372493194134,712.0
592.1986159342118,711.0
592.4599746914943,726.0
592.7213255841303,701.0
592.9826686049887,710.0
593.2440037469388,721.0
593.5053310028499,701.0
593.766650365591,710.0
594.0279618280314,699.0
594.28926538304,702.0
594.5505610234864,692.0
594.8118487422395,702.0
595.0731285321684,687.0
595.3344003861428,682.0
595.5956642970312,690.0
595.8569202577033,708.0
596.1181682610279,706.0
596.3794082998746,713.0
596.6406403671122,711.0
596.90186445561,693.0
597.1630805582373,711.0
597.4242886678632,721.0
597.6854887773567,708.0
597.946680879587,709.0
598.2078649674238,716.0
598.4690410337357,710.0
598.7302090713921,725.0
598.9913690732623,712.0
599.252521032215,696.0
599.51366494112,709.0
599.774800792846,706.0
600.0359285802626,702.0
600.2970482962387,704.0
600.5581599336435,693.0
600.8192634853463,685.0
601.0803589442161,700.0
601.3414463031222,706.0
601.6025255549338,708.0
601.8635966925199,693.0
602.12465970875,704.0
602.385714596493,698.0
602.6467613486183,721.0
602.9077999579948,726.0
603.168830417492,706.0
603.4298527199787,721.0
603.6908668583244,702.0
603.9518728253983,705.0
604.2128706140693,694.0
604.473860217207,696.0
604.73484162768,698.0
604.9958148383579,687.0
605.2567798421098,700.0
605.517736631805,701.0
605.7786852003123,696.0
606.0396255405011,693.0
606.3005576452409,712.0
606.5614815074003,715.0
606.8223971198489,707.0
607.0833044754557,698.0
607.34420356709,718.0
607.6050943876209,720.0
607.8659769299175,730.0
608.126851186849,739.0
608.3877171512846,727.0
608.6485748160937,741.0
608.9094241741452,741.0
609.1702652183084,790.0
609.4310979414525,778.0
609.6919223364466,813.0
609.95273839616,813.0
610.2135461134617,866.0
610.474345481221,868.0
610.7351364923072,859.0
610.995919139589,852.0
611.2566934159363,829.0
611.5174593142176,822.0
611.7782168273026,808.0
612.0389659480602,788.0
612.2997066693596,765.0
612.56043898407,754.0
612.8211628850605,745.0
613.0818783652006,746.0
613.3425854173591,748.0
613.6032840344054,739.0
613.8639742092088,730.0
614.1246559346381,732.0
614.3853292035627,748.0
614.6459940088517,737.0
614.9066503433745,737.0
615.1672982,722.0
615.4279375715975,735.0
615.6885684510363,716.0
615.9491908311852,720.0
616.209804704914,713.0
616.4704100650912,725.0
616.7310069045865,714.0
616.9915952162688,736.0
617.2521749930073,714.0
617.5127462276714,717.0
617.7733089131299,706.0
618.0338630422525,724.0
618.2944086079078,714.0
618.5549456029654,717.0
618.8154740202943,728.0
619.0759938527638,730.0
619.336505093243,720.0
619.5970077346008,702.0
619.857501769707,727.0
620.1179871914303,726.0
620.37846399264,707.0
620.6389321662053,722.0
620.8993917049953,729.0
621.1598426018795,719.0
621.4202848497266,728.0
621.6807184414063,732.0
621.9411433697873,696.0
622.201559627739,710.0
622.4619672081305,712.0
622.7223661038311,718.0
622.98275630771,712.0
623.2431378126362,698.0
623.503510611479,718.0
623.7638746971076,725.0
624.0242300623911,722.0
624.2845767001988,719.0
624.5449146033995,691.0
624.8052437648631,708.0
625.0655641774581,710.0
625.325875834054,711.0
625.5861787275201,712.0
625.846472850725,688.0
626.1067581965386,702.0
626.3670347578296,716.0
626.6273025274676,720.0
626.8875614983212,719.0
627.1478116632601,710.0
627.4080530151532,728.0
627.6682855468697,712.0
627.9285092512789,702.0
628.18872412125,734.0
628.448930149652,716.0
628.7091273293543,718.0
628.9693156532259,730.0
629.229495114136,737.0
629.4896657049537,724.0
629.7498274185485,699.0
630.0099802477891,727.0
630.2701241855453,730.0
630.5302592246859,722.0
630.79038535808,729.0
631.0505025785969,738.0
631.3106108791059,717.0
631.5707102524759,722.0
631.8308006915763,710.0
632.0908821892763,700.0
632.3509547384449,692.0
632.6110183319513,713.0
632.8710729626649,709.0
633.1311186234547,707.0
633.3911553071899,692.0
633.6511830067398,704.0
633.9112017149735,720.0
634.17121142476,720.0
634.4312121289686,719.0
634.6912038204689,721.0
634.9511864921292,693.0
635.2111601368196,712.0
635.4711247474086,718.0
635.7310803167657,738.0
635.99102683776,799.0
636.2509643032606,915.0
636.510892706137,1110.0
636.7708120392581,1410.0
637.0307222954931,1690.0
637.2906234677113,1879.0
637.5505155487816,2238.0
637.8103985315736,2576.0
638.0702724089562,2591.0
638.3301371737986,2384.0
638.5899928189699,2269.0
638.8498393373396,1625.0
639.1096767217766,1054.0
639.3695049651501,817.0
639.6293240603295,752.0
639.8891340001837,712.0
640.1489347775821,729.0
640.4087263853937,737.0
640.6685088164878,707.0
640.9282820637335,707.0
641.18804612,699.0
641.4478009781566,697.0
641.7075466310722,711.0
641.9672830716163,709.0
642.2270102926578,710.0
642.4867282870662,712.0
642.7464370477105,695.0
643.0061365674597,707.0
643.2658268391833,695.0
643.5255078557503,696.0
643.7851796100299,683.0
644.0448420948915,706.0
644.3044953032038,696.0
644.5641392278364,704.0
644.8237738616583,694.0
645.0833991975387,688.0
645.3430152283469,714.0
645.6026219469519,699.0
645.862219346223,698.0
646.1218074190292,687.0
646.38138615824,709.0
646.6409555567243,703.0
646.9005156073514,719.0
647.1600663029905,699.0
647.4196076365108,697.0
647.6791396007812,720.0
647.9386621886712,706.0
648.1981753930501,696.0
648.4576792067866,698.0
648.7171736227501,700.0
648.97665863381,702.0
649.2361342328351,691.0
649.4956004126951,705.0
649.7550571662586,715.0
650.0145044863951,708.0
650.2739423659737,708.0
650.5333707978638,718.0
650.7927897749341,709.0
651.0521992900541,695.0
651.3115993360931,685.0
651.57098990592,686.0
651.830370992404,696.0
652.0897425884147,702.0
652.3491046868207,710.0
652.6084572804915,702.0
652.8678003622962,708.0
653.1271339251042,706.0
653.3864579617841,711.0
653.6457724652057,679.0
653.905077428238,699.0
654.16437284375,701.0
654.4236587046111,718.0
654.6829350036902,710.0
654.9422017338568,698.0
655.2014588879799,702.0
655.4607064589287,723.0
655.7199444395726,702.0
655.9791728227801,704.0
656.2383916014214,720.0
656.4976007683648,699.0
656.7568003164799,703.0
657.0159902386359,694.0
657.2751705277019,701.0
657.534341176547,704.0
657.7935021780403,708.0
658.0526535250513,705.0
658.3117952104488,726.0
658.5709272271024,703.0
658.830049567881,685.0
659.0891622256537,695.0
659.3482651932901,697.0
659.6073584636588,703.0
659.8664420296294,698.0
660.125515884071,709.0
660.3845800198527,712.0
660.6436344298437,701.0
660.9026791069132,706.0
661.1617140439305,689.0
661.4207392337646,690.0
661.6797546692846,702.0
661.93876034336,703.0
662.1977562488597,713.0
662.4567423786531,707.0
662.715718725609,698.0
662.9746852825971,700.0
663.2336420424862,715.0
663.4925889981457,685.0
663.7515261424445,710.0
664.0104534682522,690.0
664.2693709684377,698.0
664.5282786358699,723.0
664.7871764634187,713.0
665.0460644439527,688.0
665.3049425703413,708.0
665.5638108354535,707.0
665.8226692321587,688.0
666.0815177533261,685.0
666.3403563918247,695.0
666.5991851405237,701.0
666.8580039922925,713.0
667.11681294,693.0
667.3756119765155,696.0
667.6344010947081,703.0
667.8931802874473,702.0
668.1519495476019,702.0
668.4107088680413,713.0
668.6694582416345,687.0
668.9281976612508,710.0
669.1869271197594,719.0
669.4456466100294,694.0
669.7043561249301,694.0
669.9630556573304,711.0
670.2217452000998,693.0
670.4804247461075,689.0
670.7390942882222,716.0
670.9977538193139,711.0
671.2564033322508,684.0
671.5150428199029,695.0
671.773672275139,702.0
672.0322916908282,704.0
672.2909010598399,692.0
672.5495003750432,683.0
672.8080896293075,691.0
673.0666688155014,709.0
673.3252379264947,690.0
673.5837969551562,684.0
673.8423458943554,695.0
674.100884736961,702.0
674.3594134758424,703.0
674.6179321038693,705.0
674.87644061391,694.0
675.1349389988343,696.0
675.3934272515111,698.0
675.6519053648095,715.0
675.9103733315992,697.0
676.1688311447487,688.0
676.4272787971277,697.0
676.6857162816051,711.0
676.9441435910501,709.0
677.202560718332,697.0
677.4609676563199,697.0
677.7193643978832,700.0
677.9777509358906,689.0
678.2361272632116,695.0
678.4944933727155,723.0
678.7528492572712,695.0
679.0111949097482,711.0
679.2695303230151,701.0
679.5278554899419,684.0
679.7861704033969,697.0
680.0444750562499,698.0
680.3027694413701,689.0
680.5610535516263,692.0
680.8193273798878,708.0
681.0775909190238,706.0
681.3358441619038,720.0
681.5940871013964,705.0
681.8523197303713,706.0
682.1105420416974,710.0
682.3687540282438,716.0
682.6269556828801,704.0
682.8851469984749,697.0
683.1433279678978,699.0
683.4014985840179,707.0
683.6596588397043,709.0
683.9178087278264,703.0
684.1759482412529,700.0
684.4340773728534,693.0
684.6921961154969,708.0
684.9503044620527,700.0
685.20840240539,688.0
685.4664899383779,693.0
685.7245670538855,709.0
685.9826337447819,708.0
686.2406900039367,694.0
686.4987358242188,692.0
686.7567711984973,703.0
687.0147961196415,710.0
687.2728105805204,702.0
687.5308145740037,715.0
687.7888080929599,696.0
688.0467911302587,691.0
688.304763678769,704.0
688.56272573136,711.0
688.8206772809011,682.0
689.0786183202612,706.0
689.3365488423098,698.0
689.5944688399155,709.0
689.8523783059482,705.0
690.1102772332765,700.0
690.3681656147701,705.0
690.6260434432976,700.0
690.8839107117286,725.0
691.1417674129323,709.0
691.3996135397775,676.0
691.6574490851337,706.0
691.91527404187,705.0
692.1730884028556,690.0
692.4308921609598,699.0
692.6886853090514,689.0
692.94646784,685.0
693.2042397466745,690.0
693.4620010219442,715.0
693.7197516586783,701.0
693.9774916497458,702.0
694.2352209880163,683.0
694.4929396663584,683.0
694.7506476776417,701.0
695.0083450147354,693.0
695.2660316705084,711.0
695.5237076378301,694.0
695.7813729095694,712.0
696.0390274785958,682.0
696.2966713377783,684.0
696.5543044799863,689.0
696.8119268980887,685.0
697.0695385849549,682.0
697.3271395334539,695.0
697.584729736455,704.0
697.8423091868274,710.0
698.0998778774399,716.0
698.3574358011624,721.0
698.6149829508635,708.0
698.8725193194125,694.0
699.1300448996788,695.0
699.3875596845312,692.0
699.6450636668393,699.0
699.9025568394719,682.0
700.1600391952985,704.0
700.4175107271882,695.0
700.6749714280099,694.0
700.9324212906332,714.0
701.189860307927,686.0
701.4472884727605,716.0
701.7047057780031,697.0
701.9621122165238,688.0
702.2195077811916,701.0
702.4768924648761,690.0
702.7342662604461,696.0
702.991629160771,710.0
703.24898115872,704.0
703.5063222471621,699.0
703.7636524189666,685.0
704.0209716670028,709.0
704.2782799841395,702.0
704.5355773632463,703.0
704.7928637971921,686.0
705.0501392788462,713.0
705.3074038010778,704.0
705.5646573567559,696.0
705.82189993875,710.0
706.079131539929,727.0
706.3363521531622,710.0
706.5935617713188,706.0
706.8507603872679,716.0
707.1079479938788,706.0
707.3651245840204,710.0
707.6222901505623,716.0
707.8794446863733,706.0
708.1365881843228,691.0
708.39372063728,700.0
708.6508420381139,711.0
708.9079523796939,713.0
709.1650516548889,688.0
709.4221398565683,708.0
709.6792169776012,705.0
709.9362830108569,690.0
710.1933379492044,686.0
710.450381785513,703.0
710.7074145126518,700.0
710.96443612349,705.0
711.2214466108968,703.0
711.4784459677414,715.0
711.735434186893,710.0
711.9924112612208,697.0
712.2493771835938,706.0
712.5063319468813,704.0
712.7632755439525,711.0
713.0202079676766,693.0
713.2771292109227,722.0
713.5340392665601,705.0
713.7909381274577,692.0
714.047825786485,681.0
714.3047022365112,702.0
714.5615674704052,699.0
714.8184214810362,686.0
715.0752642612737,705.0
715.3320958039865,689.0
715.5889161020442,700.0
715.8457251483155,684.0
716.10252293567,693.0
716.3593094569766,674.0
716.6160847051046,707.0
716.8728486729232,699.0
717.1296013533014,711.0
717.3863427391087,699.0
717.6430728232141,686.0
717.8997915984867,708.0
718.1564990577957,711.0
718.4131951940105,697.0
718.66988,693.0
718.9265534686334,711.0
719.1832155927804,684.0
719.4398663653093,695.0
719.6965057790899,717.0
719.9531338269912,704.0
720.2097505018824,682.0
720.4663557966328,693.0
720.7229497041113,706.0
720.9795322171873,678.0
721.23610332873,708.0
721.4926630316085,713.0
721.7492113186919,698.0
722.0057481828493,704.0
722.2622736169504,677.0
722.5187876138637,712.0
722.7752901664588,705.0
723.0317812676049,709.0
723.288260910171,702.0
723.5447290870263,706.0
723.80118579104,689.0
724.0576310150815,694.0
724.3140647520195,680.0
724.5704869947235,697.0
724.8268977360627,700.0
725.0832969689062,719.0
725.3396846861233,728.0
725.5960608805829,699.0
725.8524255451546,691.0
726.1087786727071,690.0
726.36512025611,700.0
726.6214502882323,698.0
726.877768761943,689.0
727.1340756701117,685.0
727.390371005607,710.0
727.6466547612987,697.0
727.9029269300556,704.0
728.1591875047471,688.0
728.4154364782422,701.0
728.67167384341,701.0
728.9278995931201,701.0
729.184113720241,688.0
729.4403162176426,682.0
729.6965070781937,687.0
729.9526862947635,694.0
730.2088538602213,701.0
730.465009767436,715.0
730.7211540092773,685.0
730.9772865786136,695.0
731.2334074683149,690.0
731.48951667125,708.0
731.7456141802879,697.0
732.0016999882984,683.0
732.2577740881497,681.0
732.5138364727119,707.0
732.7698871348538,712.0
733.0259260674445,705.0
733.2819532633532,716.0
733.5379687154493,711.0
733.793972416602,694.0
734.04996435968,704.0
734.3059445375529,689.0
734.5619129430897,698.0
734.8178695691599,689.0
735.0738144086324,690.0
735.3297474543763,689.0
735.5856686992609,701.0
735.8415781361554,700.0
736.0974757579289,706.0
736.3533615574507,696.0
736.6092355275898,693.0
736.8650976612158,714.0
737.1209479511974,708.0
737.3767863904039,710.0
737.6326129717047,717.0
737.8884276879687,700.0
738.1442305320653,696.0
738.4000214968635,697.0
738.6558005752325,697.0
738.9115677600416,708.0
739.16732304416,689.0
739.4230664204567,702.0
739.678797881801,701.0
739.9345174210621,694.0
740.190225031109,678.0
740.4459207048112,691.0
740.7016044350377,710.0
740.9572762146576,711.0
741.2129360365401,701.0
741.4685838935544,694.0
741.72421977857,708.0
741.9798436844555,683.0
742.2354556040806,701.0
742.4910555303142,681.0
742.7466434560255,693.0
743.0022193740838,695.0
743.2577832773579,702.0
743.5133351587177,707.0
743.7688750110317,707.0
744.0244028271694,695.0
744.2799186,703.0
744.5354223223925,684.0
744.7909139872162,690.0
745.0463935873403,700.0
745.301861115634,695.0
745.5573165649662,710.0
745.8127599282064,708.0
746.0681911982238,693.0
746.3236103678873,705.0
746.5790174300663,710.0
746.8344123776299,707.0
747.0897952034475,696.0
747.3451659003879,696.0
747.6005244613204,690.0
747.8558708791144,689.0
748.1112051466387,712.0
748.366527256763,724.0
748.6218372023559,712.0
748.8771349762869,710.0
749.1324205714252,708.0
749.38769398064,701.0
749.6429551968004,690.0
749.8982042127753,704.0
750.1534410214346,700.0
750.4086656156467,706.0
750.6638779882812,690.0
750.9190781322072,686.0
751.174266040294,694.0
751.4294417054107,701.0
751.6846051204261,697.0
751.9397562782101,696.0
752.1948951716313,710.0
752.450021793559,721.0
752.7051361368626,704.0
752.960238194411,694.0
753.2153279590738,688.0
753.4704054237196,690.0
753.725470581218,702.0
753.9805234244382,694.0
754.235563946249,696.0
754.49059213952,697.0
754.74560799712,703.0
755.0006115119186,682.0
755.2556026767846,698.0
755.5105814845874,688.0
755.7655479281962,681.0
756.0205020004801,688.0
756.2754436943081,712.0
756.5303730025496,693.0
756.7852899180741,690.0
757.04019443375,695.0
757.2950865424469,686.0
757.5499662370343,682.0
757.8048335103807,696.0
758.059688355356,683.0
758.3145307648286,721.0
758.5693607316684,704.0
758.8241782487443,694.0
759.0789833089254,708.0
759.333775905081,699.0
759.5885560300799,708.0
759.8433236767919,704.0
760.0980788380858,709.0
760.3528215068309,712.0
760.6075516758963,695.0
760.8622693381512,701.0
761.1169744864649,686.0
761.3716671137063,691.0
761.6263472127449,709.0
761.8810147764498,703.0
762.13566979769,731.0
762.3903122693348,721.0
762.6449421842535,696.0
762.8995595353151,674.0
763.1541643153886,689.0
763.4087565173438,715.0
763.6633361340492,700.0
763.9179031583744,709.0
764.1724575831885,705.0
764.4269994013606,699.0
764.68152860576,704.0
764.9360451892557,709.0
765.190549144717,698.0
765.4450404650131,698.0
765.6995191430132,681.0
765.9539851715863,701.0
766.2084385436016,712.0
766.4628792519286,702.0
766.7173072894361,713.0
766.9717226489936,700.0
767.22612532347,700.0
767.4805153057347,699.0
767.7348925886566,691.0
767.9892571651052,688.0
768.2436090279496,702.0
768.4979481700586,700.0
768.7522745843021,699.0
769.0065882635487,698.0
769.2608892006676,687.0
769.5151773885285,696.0
769.7694528199999,693.0
770.0237154879514,686.0
770.2779653852523,707.0
770.5322025047712,702.0
770.7864268393779,714.0
771.0406383819411,703.0
771.2948371253306,723.0
771.5490230624148,707.0
771.8031961860634,712.0
772.0573564891454,695.0
772.31150396453,713.0
772.5656386050865,708.0
772.8197604036837,701.0
773.0738693531914,677.0
773.3279654464783,698.0
773.5820486764137,715.0
773.8361190358669,703.0
774.0901765177068,706.0
774.344221114803,697.0
774.5982528200242,706.0
774.8522716262399,675.0
775.1062775263193,714.0
775.3602705131315,683.0
775.6142505795456,697.0
775.8682177184306,696.0
776.1221719226563,704.0
776.3761131850912,695.0
776.630041498605,712.0
776.8839568560666,690.0
777.1378592503452,719.0
777.3917486743101,701.0
777.6456251208301,695.0
777.8994885827751,700.0
778.1533390530136,692.0
778.4071765244151,682.0
778.6610009898487,692.0
778.9148124421837,703.0
779.1686108742891,698.0
779.422396279034,688.0
779.6761686492881,715.0
779.9299279779199,705.0
780.1836742577991,703.0
780.4374074817946,702.0
780.6911276427755,689.0
780.9448347336116,696.0
781.1985287471712,693.0
781.4522096763241,698.0
781.7058775139392,716.0
781.9595322528858,705.0
782.213173886033,717.0
782.4668024062498,720.0
782.7204178064061,690.0
782.9740200793701,694.0
783.2276092180117,691.0
783.4811852151998,681.0
783.7347480638037,710.0
783.9882977566925,693.0
784.2418342867352,700.0
784.4953576468014,684.0
784.7488678297599,700.0
785.0023648284799,691.0
785.2558486358308,715.0
785.5093192446817,707.0
785.762776647902,695.0
786.0162208383603,683.0
786.2696518089261,700.0
786.5230695524689,694.0
786.7764740618574,688.0
787.029865329961,690.0
787.2832433496487,692.0
787.5366081137901,721.0
787.7899596152538,702.0
788.0432978469094,696.0
788.2966228016261,693.0
788.5499344722728,711.0
788.8032328517187,709.0
789.0565179328332,698.0
789.3097897084855,686.0
789.5630481715446,701.0
789.8162933148797,716.0
790.06952513136,699.0
790.3227436138546,681.0
790.5759487552331,706.0
790.8291405483641,704.0
791.082318986117,711.0
791.3354840613612,700.0
791.5886357669656,717.0
791.8417740957997,709.0
792.0948990407321,704.0
792.3480105946326,711.0
792.60110875037,708.0
792.8541935008136,699.0
793.1072648388326,693.0
793.3603227572962,700.0
793.6133672490736,700.0
793.8663983070336,705.0
794.119415924046,704.0
794.3724200929796,705.0
794.6254108067037,714.0
794.8783880580875,708.0
795.13135184,699.0
795.3843021453106,698.0
795.6372389668882,696.0
795.8901622976024,709.0
796.1430721303219,694.0
796.3959684579162,698.0
796.6488512732545,698.0
796.9017205692056,702.0
797.1545763386395,711.0
797.4074185744242,711.0
797.66024726943,690.0
797.9130624165255,701.0
798.1658640085799,693.0
798.4186520384625,691.0
798.6714264990422,708.0
798.9241873831888,705.0
799.1769346837708,689.0
799.4296683936578,693.0
799.6823885057189,709.0
799.9350950128232,705.0
800.1877879078401,695.0
800.4404671836382,706.0
800.6931328330876,686.0
800.9457848490565,708.0
801.1984232244147,700.0
801.4510479520312,700.0
801.7036590247752,701.0
801.956256435516,692.0
802.2088401771225,697.0
802.4614102424641,718.0
802.71396662441,705.0
802.9665093158293,704.0
803.219038309591,701.0
803.4715535985645,699.0
803.7240551756191,716.0
803.9765430336238,706.0
804.2290171654477,700.0
804.4814775639601,704.0
804.7339242220302,701.0
804.9863571325271,691.0
805.2387762883199,690.0
805.4911816822782,696.0
805.7435733072706,701.0
805.9959511561667,718.0
806.2483152218356,698.0
806.5006654971461,698.0
806.7530019749681,688.0
807.0053246481701,679.0
807.2576335096218,698.0
807.5099285521919,718.0
807.7622097687499,714.0
808.0144771521651,692.0
808.2667306953061,706.0
808.5189703910429,716.0
808.7711962322438,717.0
809.0234082117787,712.0
809.2756063225164,698.0
809.5277905573263,707.0
809.7799609090773,679.0
810.0321173706388,691.0
810.2842599348801,708.0
810.5363885946699,697.0
810.7885033428778,696.0
811.0406041723729,694.0
811.2926910760243,684.0
811.5447640467013,696.0
811.7968230772728,680.0
812.0488681606084,690.0
812.3008992895769,711.0
812.5529164570477,701.0
812.80491965589,701.0
813.0569088789728,706.0
813.3088841191654,703.0
813.5608453693369,713.0
813.8127926223567,699.0
814.0647258710937,685.0
814.3166451084173,680.0
814.5685503271965,698.0
814.8204415203005,692.0
815.0723186805986,695.0
815.32418180096,698.0
815.5760308742537,699.0
815.827865893349,694.0
816.0796868511152,699.0
816.3314937404211,698.0
816.5832865541362,702.0
816.8350652851296,716.0
817.0868299262705,696.0
817.3385804704282,700.0
817.5903169104716,700.0
817.84203923927,695.0
818.0937474496927,722.0
818.3454415346087,690.0
818.5971214868872,694.0
818.8487872993975,700.0
819.1004389650087,683.0
819.35207647659,705.0
819.6036998270106,701.0
819.8553090091398,708.0
820.1069040158465,729.0
820.35848484,702.0
820.6100514744695,701.0
820.8616039121242,725.0
821.1131421458333,726.0
821.3646661684659,697.0
821.6161759728913,704.0
821.8676715519784,715.0
822.1191528985968,706.0
822.3706200056154,698.0
822.6220728659033,685.0
822.8735114723299,690.0
823.1249358177644,706.0
823.3763458950758,699.0
823.6277416971334,694.0
823.8791232168063,695.0
824.1304904469637,692.0
824.3818433804748,705.0
824.633182010209,711.0
824.8845063290348,695.0
825.1358163298222,702.0
825.38711200544,710.0
825.6383933487573,694.0
825.8896603526434,699.0
826.1409130099674,710.0
826.3921513135988,710.0
826.6433752564062,715.0
826.8945848312592,764.0
827.145780031027,702.0
827.3969608485786,706.0
827.6481272767832,703.0
827.8992793085099,713.0
828.1504169366282,703.0
828.401540154007,709.0
828.6526489535156,696.0
828.9037433280232,700.0
829.1548232703988,702.0
829.4058887735117,692.0
829.656939830231,696.0
829.907976433426,700.0
830.1589985759659,694.0
830.41000625072,702.0
830.6609994505571,686.0
830.9119781683466,714.0
831.1629423969576,708.0
831.4138921292595,684.0
831.6648273581212,703.0
831.9157480764121,709.0
832.1666542770012,704.0
832.4175459527578,701.0
832.6684230965509,698.0
832.9192857012499,694.0
833.1701337597241,706.0
833.4209672648421,690.0
833.6717862094738,704.0
833.922590586488,705.0
834.1733803887538,710.0
834.4241556091404,692.0
834.6749162405172,694.0
834.9256622757533,691.0
835.1763937077179,703.0
835.42711052928,693.0
835.677812733309,695.0
835.9285003126737,708.0
836.1791732602438,712.0
836.4298315688883,704.0
836.6804752314763,720.0
836.9311042408768,700.0
837.1817185899594,723.0
837.4323182715929,718.0
837.6829032786467,712.0
837.9334736039899,709.0
838.1840292404919,714.0
838.4345701810214,688.0
838.685096418448,691.0
838.9356079456406,689.0
839.1861047554687,698.0
839.4365868408012,697.0
839.6870541945075,690.0
839.9375068094566,707.0
840.1879446785176,711.0
840.43836779456,706.0
840.6887761504527,679.0
840.939169739065,697.0
841.1895485532661,696.0
841.4399125859252,694.0
841.6902618299113,706.0
841.9405962780937,698.0
842.1909159233415,691.0
842.4412207585241,680.0
842.6915107765105,706.0
842.9417859701699,705.0
843.1920463323717,713.0
843.4422918559846,704.0
843.6925225338782,697.0
843.9427383589214,700.0
844.1929393239836,704.0
844.443125421934,705.0
844.6932966456417,705.0
844.9434529879758,721.0
845.1935944418055,706.0
845.4437210000001,706.0
845.6938326554284,702.0
845.9439294009602,693.0
846.1940112294642,710.0
846.44407813381,700.0
846.6941301068663,709.0
846.9441671415025,700.0
847.1941892305878,708.0
847.4441963669914,689.0
847.6941885435823,687.0
847.94416575323,699.0
848.1941279888034,718.0
848.4440752431718,697.0
848.6940075092043,698.0
848.9439247797702,704.0
849.1938270477386,692.0
849.4437143059788,692.0
849.6935865473599,694.0
849.943443764751,704.0
850.1932859510213,716.0
850.44311309904,681.0
850.6929252016763,708.0
850.9427222517994,720.0
851.1925042422785,692.0
851.4422711659828,688.0
851.6920230157813,696.0
851.9417597845433,691.0
852.1914814651379,710.0
852.4411880504346,706.0
852.6908795333022,696.0
852.94055590661,706.0
853.1902171632273,690.0
853.439863296023,696.0
853.6894942978665,697.0
853.939110161627,720.0
854.1887108801737,704.0
854.4382964463757,690.0
854.6878668531022,718.0
854.9374220932222,705.0
855.1869621596051,696.0
855.4364870451199,701.0
855.6859967426361,682.0
855.9354912450226,708.0
856.1849705451488,711.0
856.4344346358836,695.0
856.6838835100962,689.0
856.9333171606561,706.0
857.1827355804322,706.0
857.4321387622938,694.0
857.6815266991099,701.0
857.93089938375,696.0
858.1802568090831,684.0
858.4295989679781,685.0
858.6789258533048,710.0
858.9282374579318,693.0
859.1775337747288,714.0
859.4268147965645,705.0
859.6760805163083,697.0
859.9253309268292,713.0
860.1745660209968,704.0
860.42378579168,684.0
860.6729902317479,705.0
860.9221793340698,703.0
861.1713530915149,697.0
861.4205114969524,695.0
861.6696545432512,717.0
861.9187822232808,694.0
862.1678945299104,732.0
862.416991456009,705.0
862.6660729944458,695.0
862.91513913809,691.0
863.1641898798108,696.0
863.4132252124774,704.0
863.662245128959,708.0
863.9112496221246,713.0
864.1602386848438,688.0
864.4092123099853,699.0
864.6581704904183,690.0
864.9071132190124,704.0
865.1560404886367,713.0
865.40495229216,718.0
865.6538486224517,723.0
865.9027294723811,711.0
866.1515948348172,712.0
866.4004447026291,710.0
866.6492790686862,708.0
866.8980979258577,705.0
867.1469012670126,716.0
867.3956890850201,702.0
867.6444613727496,715.0
867.8932181230699,709.0
868.1419593288506,723.0
868.3906849829606,704.0
868.6393950782692,721.0
868.8880896076455,719.0
869.1367685639588,690.0
869.385431940078,700.0
869.6340797288726,711.0
869.8827119232118,702.0
870.1313285159645,694.0
870.3799295,699.0
870.6285148681875,703.0
870.8770846133963,699.0
871.1256387284952,703.0
871.3741772063539,692.0
871.6227000398412,696.0
871.8712072218264,710.0
872.1196987451788,704.0
872.3681746027675,712.0
872.6166347874613,717.0
872.86507929213,701.0
873.1135081096423,700.0
873.3619212328679,695.0
873.6103186546754,717.0
873.8587003679343,697.0
874.1070663655138,710.0
874.3554166402829,714.0
874.6037511851108,709.0
874.852069992867,689.0
875.1003730564203,706.0
875.34866036864,692.0
875.5969319223954,715.0
875.8451877105554,707.0
876.0934277259895,705.0
876.3416519615668,706.0
876.5898604101562,700.0
876.8380530646273,688.0
877.086229917849,704.0
877.3343909626906,708.0
877.582536192021,705.0
877.83066559871,712.0
878.0787791756262,698.0
878.326876915639,704.0
878.5749588116176,694.0
878.8230248564311,709.0
879.0710750429487,707.0
879.3191093640396,684.0
879.5671278125731,696.0
879.8151303814182,698.0
880.063117063444,720.0
880.3110878515199,699.0
880.5590427385151,720.0
880.8069817172985,707.0
881.0549047807397,718.0
881.3028119217075,702.0
881.5507031330712,704.0
881.7985784077001,703.0
882.0464377384632,700.0
882.2942811182297,703.0
882.5421085398689,694.0
882.78991999625,690.0
883.037715480242,698.0
883.2854949847142,686.0
883.5332585025358,705.0
883.7810060265759,714.0
884.0287375497037,724.0
884.2764530647885,704.0
884.5241525646992,696.0
884.7718360423053,705.0
885.0195034904759,701.0
885.2671549020798,697.0
885.5147902699869,701.0
885.7624095870657,695.0
886.0100128461859,705.0
886.2576000402163,706.0
886.5051711620263,711.0
886.7527262044848,708.0
887.0002651604613,707.0
887.2477880228248,697.0
887.4952947844447,684.0
887.74278543819,694.0
887.9902599769299,708.0
888.2377183935334,712.0
888.4851606808699,706.0
888.7325868318087,704.0
888.9799968392186,694.0
889.2273906959693,710.0
889.4747683949295,701.0
889.7221299289686,703.0
889.9694752909556,707.0
890.2168044737599,696.0
890.4641174702507,697.0
890.711414273297,717.0
890.9586948757681,716.0
891.2059592705331,698.0
891.4532074504613,729.0
891.7004394084216,706.0
891.9476551372835,720.0
892.1948546299161,702.0
892.4420378791885,708.0
892.6892048779699,720.0
892.9363556191297,700.0
893.1834900955366,692.0
893.4306083000602,685.0
893.6777102255695,716.0
893.9247958649338,698.0
894.171865211022,705.0
894.4189182567037,696.0
894.6659549948478,700.0
894.9129754183234,699.0
895.15997952,690.0
895.4069672927465,687.0
895.6539387294322,690.0
895.9008938229264,697.0
896.1478325660979,704.0
896.3947549518161,713.0
896.6416609729504,709.0
896.8885506223697,692.0
897.1354238929433,700.0
897.3822807775404,715.0
897.62912126903,708.0
897.8759453602814,708.0
898.1227530441638,709.0
898.3695443135464,704.0
898.6163191612983,695.0
898.8630775802887,704.0
899.1098195633868,700.0
899.3565451034618,698.0
899.6032541933828,708.0
899.8499468260193,692.0
900.09662299424,681.0
900.3432826909144,697.0
900.5899259089115,698.0
900.8365526411005,731.0
901.0831628803506,700.0
901.3297566195312,716.0
901.5763338515112,694.0
901.8228945691599,694.0
902.0694387653465,702.0
902.3159664329402,696.0
902.56247756481,709.0
902.8089721538252,704.0
903.055450192855,704.0
903.3019116747686,677.0
903.5483565924351,706.0
903.7947849387238,708.0
904.0411967065037,701.0
904.287591888644,714.0
904.5339704780141,701.0
904.7803324674829,719.0
905.0266778499199,705.0
905.2730066181941,705.0
905.5193187651747,700.0
905.7656142837307,701.0
906.0118931667314,711.0
906.2581554070462,696.0
906.5044009975439,704.0
906.7506299310942,700.0
906.9968422005658,701.0
907.243037798828,691.0
907.4892167187498,702.0
907.735378953201,694.0
907.9815244950502,700.0
908.2276533371668,709.0
908.4737654724199,712.0
908.7198608936787,703.0
908.9659395938125,705.0
909.2120015656902,696.0
909.4580468021813,702.0
909.7040752961548,708.0
909.95008704048,713.0
910.1960820280259,694.0
910.4420602516618,712.0
910.6880217042568,695.0
910.9339663786803,704.0
911.1798942678013,699.0
911.4258053644888,709.0
911.6716996616125,685.0
911.917577152041,711.0
912.1634378286437,707.0
912.4092816842899,705.0
912.6551087118488,701.0
912.9009189041894,702.0
913.146712254181,705.0
913.3924887546926,706.0
913.6382483985938,700.0
913.8839911787531,687.0
914.1297170880404,695.0
914.3754261193245,699.0
914.6211182654747,684.0
914.86679351936,704.0
915.1124518738497,694.0
915.3580933218129,694.0
915.603717856119,693.0
915.849325469637,702.0
916.0949161552362,701.0
916.3404899057857,701.0
916.5860467141546,695.0
916.8315865732121,700.0
917.0771094758275,698.0
917.3226154148699,697.0
917.5681043832086,712.0
917.8135763737126,722.0
918.0590313792511,714.0
918.3044693926936,698.0
918.5498904069087,716.0
918.795294414766,706.0
919.0406814091347,692.0
919.2860513828838,700.0
919.5314043288824,693.0
919.77674024,679.0
920.0220591091055,705.0
920.2673609290681,704.0
920.5126456927572,701.0
920.7579133930419,697.0
921.0031640227912,701.0
921.2483975748745,708.0
921.4936140421609,708.0
921.7388134175193,699.0
921.9839956938193,709.0
922.2291608639299,687.0
922.4743089207204,697.0
922.7194398570598,699.0
922.9645536658173,705.0
923.2096503398623,717.0
923.4547298720637,701.0
923.6997922552908,703.0
923.9448374824129,698.0
924.189865546299,719.0
924.4348764398183,712.0
924.67987015584,685.0
924.9248466872333,701.0
925.1698060268674,711.0
925.4147481676115,702.0
925.6596731023346,700.0
925.9045808239063,700.0
926.1494713251953,703.0
926.3943445990709,711.0
926.6392006384025,683.0
926.8840394360592,691.0
927.1288609849099,715.0
927.3736652778242,701.0
927.6184523076711,716.0
927.8632220673195,709.0
928.107974549639,707.0
928.3527097474987,708.0
928.5974276537677,708.0
928.8421282613151,702.0
929.0868115630102,698.0
929.3314775517221,690.0
929.5761262203199,699.0
929.8207575616731,688.0
930.0653715686507,708.0
930.3099682341217,701.0
930.5545475509555,694.0
930.7991095120212,694.0
931.0436541101881,700.0
931.2881813383251,692.0
931.5326911893018,690.0
931.777183655987,693.0
932.02165873125,694.0
932.26611640796,711.0
932.5105566789862,692.0
932.7549795371978,697.0
932.9993849754638,703.0
933.2437729866537,701.0
933.4881435636365,709.0
933.7324966992813,723.0
933.9768323864573,693.0
934.2211506180338,717.0
934.4654513868799,710.0
934.7097346858649,702.0
934.9540005078578,685.0
935.1982488457279,709.0
935.4424796923444,706.0
935.6866930405762,695.0
935.9308888832928,694.0
936.1750672133633,693.0
936.4192280236568,688.0
936.6633713070427,686.0
936.90749705639,712.0
937.1516052645679,698.0
937.3956959244454,697.0
937.6397690288919,689.0
937.8838245707767,708.0
938.1278625429687,716.0
938.3718829383373,707.0
938.6158857497514,721.0
938.8598709700805,718.0
939.1038385921936,720.0
939.34778860896,705.0
939.5917210132487,713.0
939.8356357979291,708.0
940.0795329558701,706.0
940.3234124799411,719.0
940.5672743630112,704.0
940.8111185979496,714.0
941.0549451776255,717.0
941.2987540949082,698.0
941.5425453426666,699.0
941.7863189137701,716.0
942.0300748010875,709.0
942.2738129974887,706.0
942.5175334958421,685.0
942.7612362890175,698.0
943.0049213698837,693.0
943.2485887313101,710.0
943.4922383661656,702.0
943.7358702673197,701.0
943.9794844276414,707.0
944.22308084,702.0
944.4666594972645,721.0
944.7102203923042,707.0
944.9537635179884,694.0
945.1972888671858,691.0
945.4407964327662,703.0
945.6842862075985,720.0
945.9277581845517,713.0
946.1712123564953,687.0
946.4146487162984,705.0
946.65806725683,706.0
946.9014679709593,712.0
947.1448508515557,700.0
947.3882158914884,699.0
947.6315630836262,700.0
947.8748924208387,697.0
948.1182038959947,698.0
948.3614975019639,690.0
948.6047732316149,699.0
948.8480310778173,715.0
949.09127103344,715.0
949.3344930913523,698.0
949.5776972444235,686.0
949.8208834855225,692.0
950.0640518075187,693.0
950.3072022032811,709.0
950.5503346656792,712.0
950.793449187582,689.0
951.0365457618586,687.0
951.2796243813781,691.0
951.52268503901,672.0
951.7657277276232,706.0
952.008752440087,688.0
952.2517591692706,682.0
952.4947479080432,712.0
952.7377186492738,713.0
952.9806713858316,714.0
953.223606110586,712.0
953.466522816406,706.0
953.7094214961611,713.0
953.95230214272,711.0
954.1951647489522,688.0
954.4380093077266,684.0
954.6808358119126,687.0
954.9236442543795,688.0
955.1664346279962,704.0
955.409206925632,701.0
955.6519611401562,696.0
955.8946972644377,699.0
956.137415291346,710.0
956.38011521375,708.0
956.622797024519,711.0
956.8654607165222,696.0
957.1081062826288,692.0
957.350733715708,710.0
957.5933430086287,716.0
957.8359341542604,688.0
958.0785071454723,694.0
958.3210619751334,711.0
958.5635986361128,709.0
958.8061171212801,715.0
959.0486174235039,714.0
959.2910995356538,696.0
959.5335634505989,701.0
959.7760091612082,695.0
960.0184366603513,698.0
960.2608459408968,708.0
960.5032369957144,690.0
960.7456098176729,706.0
960.9879643996417,700.0
961.2303007344899,705.0
961.4726188150869,688.0
961.7149186343015,681.0
961.957200185003,711.0
962.1994634600607,708.0
962.4417084523436,697.0
962.6839351547212,692.0
962.9261435600624,699.0
963.1683336612365,695.0
963.4105054511127,696.0
963.6526589225599,689.0
963.8947940684476,697.0
964.136910881645,694.0
964.379009355021,713.0
964.6210894814451,692.0
964.8631512537862,689.0
965.1051946649137,705.0
965.3472197076966,710.0
965.589226375004,698.0
965.8312146597054,699.0
966.07318455467,701.0
966.3151360527665,714.0
966.5570691468646,696.0
966.7989838298331,705.0
967.0408800945415,711.0
967.2827579338588,705.0
967.524617340654,684.0
967.7664583077967,697.0
968.0082808281558,706.0
968.2500848946005,715.0
968.4918704999999,705.0
968.7336376372235,704.0
968.9753862991402,709.0
969.2171164786192,714.0
969.4588281685299,695.0
969.7005213617413,694.0
969.9421960511224,687.0
970.1838522295427,709.0
970.4254898898713,686.0
970.6671090249773,685.0
970.9087096277299,709.0
971.1502916909984,696.0
971.3918552076518,704.0
971.6334001705594,694.0
971.8749265725903,704.0
972.1164344066137,701.0
972.3579236654988,695.0
972.5993943421149,719.0
972.840846429331,725.0
973.0822799200162,705.0
973.3236948070399,694.0
973.5650910832712,699.0
973.8064687415794,676.0
974.0478277748334,701.0
974.2891681759027,707.0
974.5304899376562,701.0
974.7717930529632,728.0
975.0130775146929,709.0
975.2543433157146,696.0
975.4955904488971,708.0
975.7368189071101,708.0
975.9780286832222,703.0
976.219219770103,700.0
976.4603921606216,696.0
976.701545847647,705.0
976.9426808240487,705.0
977.1837970826956,691.0
977.4248946164571,714.0
977.665973418202,712.0
977.9070334808,717.0
978.14807479712,696.0
978.3890973600311,690.0
978.6301011624026,708.0
978.8710861971036,695.0
979.1120524570034,702.0
979.3529999349711,711.0
979.5939286238761,693.0
979.8348385165872,697.0
980.0757296059737,707.0
980.3166018849049,698.0
980.55745534625,708.0
980.7982899828779,701.0
981.0391057876582,687.0
981.2799027534597,701.0
981.520680873152,713.0
981.7614401396038,690.0
982.0021805456845,708.0
982.2429020842633,692.0
982.4836047482092,707.0
982.7242885303917,708.0
982.96495342368,705.0
983.2055994209429,709.0
983.4462265150498,706.0
983.6868346988699,705.0
983.9274239652722,696.0
984.1679943071262,702.0
984.4085457173009,704.0
984.6490781886654,693.0
984.889591714089,690.0
985.1300862864408,707.0
985.3705618985899,696.0
985.6110185434057,711.0
985.8514562137574,700.0
986.091874902514,705.0
986.3322746025447,694.0
986.5726553067187,711.0
986.8130170079053,732.0
987.0533596989734,690.0
987.2936833727925,702.0
987.5339880222316,682.0
987.77427364016,688.0
988.0145402194468,685.0
988.2547877529611,699.0
988.4950162335721,693.0
988.7352256541491,703.0
988.9754160075612,703.0
989.2155872866776,701.0
989.4557394843675,688.0
989.6958725935002,707.0
989.9359866069444,699.0
990.1760815175699,717.0
990.4161573182456,706.0
990.6562140018406,690.0
990.8962515612242,718.0
991.1362699892655,696.0
991.3762692788338,715.0
991.616249422798,704.0
991.8562104140276,697.0
992.0961522453917,716.0
992.3360749097594,708.0
992.5759783999999,701.0
992.8158627089825,709.0
993.0557278295762,695.0
993.2955737546503,692.0
993.5354004770738,696.0
993.7752079897163,684.0
994.0149962854465,713.0
994.2547653571338,700.0
994.4945151976473,716.0
994.7342457998564,705.0
994.9739571566299,687.0
995.2136492608373,708.0
995.4533221053478,699.0
995.6929756830303,704.0
995.9326099867543,713.0
996.1722250093886,716.0
996.4118207438028,711.0
996.6513971828659,710.0
996.8909543194469,693.0
997.1304921464152,704.0
997.37001065664,684.0
997.6095098429903,682.0
997.8489896983355,682.0
998.0884502155444,695.0
998.3278913874867,706.0
998.5673132070311,686.0
998.8067156670472,717.0
999.046098760404,699.0
999.2854624799705,684.0
999.5248068186161,682.0
999.7641317692099,699.0
1000.0034373246212,715.0
1000.2427234777189,697.0
1000.4819902213726,706.0
1000.7212375484511,709.0
1000.9604654518236,706.0
1001.1996739243597,698.0
1001.4388629589282,695.0
1001.6780325483982,691.0
1001.917182685639,688.0
1002.1563133635199,699.0
1002.39542457491,696.0
1002.6345163126784,699.0
1002.8735885696947,686.0
1003.1126413388275,701.0
1003.3516746129462,691.0
1003.59068838492,710.0
1003.8296826476181,701.0
1004.0686573939096,696.0
1004.3076126166637,704.0
1004.5465483087501,713.0
1004.7854644630372,693.0
1005.0243610723942,716.0
1005.2632381296906,697.0
1005.502095627796,706.0
1005.7409335595787,706.0
1005.9797519179083,690.0
1006.2185506956544,683.0
1006.4573298856855,706.0
1006.696089480871,697.0
1006.93482947408,705.0
1007.173549858182,684.0
1007.4122506260458,704.0
1007.6509317705409,705.0
1007.8895932845362,684.0
1008.1282351609013,673.0
1008.3668573925047,688.0
1008.6054599722162,709.0
1008.844042892905,694.0
1009.0826061474397,692.0
1009.3211497286899,705.0
1009.5596736295249,694.0
1009.7981778428134,715.0
1010.0366623614248,702.0
1010.2751271782286,690.0
1010.5135722860937,708.0
1010.7519976778892,681.0
1010.9904033464843,671.0
1011.2287892847487,696.0
1011.4671554855506,692.0
1011.7055019417598,693.0
1011.9438286462457,685.0
1012.1821355918771,694.0
1012.420422771523,690.0
1012.6586901780531,697.0
1012.8969378043363,698.0
1013.1351656432415,705.0
1013.3733736876385,712.0
1013.6115619303961,705.0
1013.8497303643837,687.0
1014.08787898247,713.0
1014.3260077775244,693.0
1014.5641167424167,682.0
1014.8022058700152,706.0
1015.0402751531893,704.0
1015.2783245848087,708.0
1015.5163541577421,708.0
1015.7543638648586,705.0
1015.9923536990277,706.0
1016.2303236531186,701.0
1016.4682737199998,709.0
1016.7062038925413,691.0
1016.9441141636122,692.0
1017.1820045260814,699.0
1017.419874972818,694.0
1017.6577254966912,694.0
1017.8955560905706,710.0
1018.1333667473248,698.0
1018.3711574598233,697.0
1018.6089282209354,707.0
1018.8466790235301,695.0
1019.0844098604762,693.0
1019.3221207246439,706.0
1019.5598116089016,706.0
1019.7974825061183,705.0
1020.0351334091636,694.0
1020.272764310907,701.0
1020.5103752042169,707.0
1020.7479660819627,699.0
1020.9855369370143,696.0
1021.2230877622401,706.0
1021.4606185505094,712.0
1021.6981292946913,690.0
1021.9356199876556,693.0
1022.1730906222706,700.0
1022.4105411914061,700.0
1022.6479716879311,713.0
1022.8853821047151,695.0
1023.1227724346265,693.0
1023.3601426705352,704.0
1023.5974928053099,702.0
1023.8348228318201,713.0
1024.0721327429349,691.0
1024.3094225315235,686.0
1024.5466921904554,692.0
1024.7839417125988,694.0
1025.0211710908236,710.0
1025.2583803179991,704.0
1025.4955693869942,689.0
1025.732738290678,685.0
1025.96988702192,692.0
1026.2070155735892,712.0
1026.4441239385546,707.0
1026.6812121096855,693.0
1026.9182800798517,693.0
1027.1553278419212,693.0
1027.392355388764,685.0
1027.629362713249,706.0
1027.866349808246,714.0
1028.1033166666227,717.0
1028.34026328125,697.0
1028.577189644996,704.0
1028.8140957507303,699.0
1029.0509815913217,700.0
1029.28784715964,695.0
1029.5246924485539,709.0
1029.7615174509324,705.0
1029.998322159645,701.0
1030.2351065675614,702.0
1030.4718706675499,699.0
1030.7086144524799,693.0
1030.9453379152208,698.0
1031.1820410486416,706.0
1031.4187238456118,701.0
1031.6553862990004,700.0
1031.8920284016763,714.0
1032.128650146509,699.0
1032.3652515263673,706.0
1032.601832534121,692.0
1032.8383931626388,696.0
1033.0749334047898,708.0
1033.311453253444,704.0
1033.5479527014695,685.0
1033.784431741736,696.0
1034.0208903671125,701.0
1034.2573285704689,706.0
1034.4937463446731,707.0
1034.7301436825953,723.0
1034.9665205771046,698.0
1035.2028770210698,693.0
1035.43921300736,702.0
1035.6755285288448,697.0
1035.911823578393,690.0
1036.1480981488742,702.0
1036.384352233157,686.0
1036.6205858241112,701.0
1036.8567989146056,693.0
1037.0929914975095,687.0
1037.3291635656922,687.0
1037.5653151120225,710.0
1037.8014461293699,698.0
1038.0375566106036,700.0
1038.2736465485928,701.0
1038.5097159362062,694.0
1038.7457647663132,699.0
1038.9817930317836,680.0
1039.217800725486,701.0
1039.4537878402896,693.0
1039.6897543690636,689.0
1039.9257003046775,701.0
1040.16162564,677.0
1040.3975303679003,703.0
1040.633414481248,695.0
1040.8692779729124,698.0
1041.105120835762,705.0
1041.3409430626662,709.0
1041.5767446464945,701.0
1041.8125255801156,708.0
1042.0482858563994,691.0
1042.2840254682144,692.0
1042.5197444084301,694.0
1042.7554426699155,707.0
1042.9911202455396,700.0
1043.2267771281724,722.0
1043.4624133106822,690.0
1043.6980287859387,691.0
1043.9336235468108,705.0
1044.1691975861681,713.0
1044.4047508968788,699.0
1044.640283471813,714.0
1044.87579530384,674.0
1045.1112863858282,698.0
1045.3467567106472,693.0
1045.5822062711666,691.0
1045.8176350602548,702.0
1046.0530430707813,700.0
1046.2884302956154,708.0
1046.5237967276262,697.0
1046.7591423596823,693.0
1046.994467184654,696.0
1047.22977119541,687.0
1047.4650543848195,697.0
1047.7003167457513,702.0
1047.9355582710746,689.0
1048.1707789536592,695.0
1048.4059787863737,702.0
1048.6411577620875,719.0
1048.8763158736701,710.0
1049.1114531139904,697.0
1049.3465694759168,706.0
1049.58166495232,705.0
1049.8167395360683,712.0
1050.0517932200305,730.0
1050.2868259970767,705.0
1050.5218378600755,742.0
1050.7568288018963,700.0
1050.991798815408,685.0
1051.2267478934803,693.0
1051.4616760289819,696.0
1051.6965832147819,713.0
1051.9314694437498,692.0
1052.166334708755,700.0
1052.4011790026661,705.0
1052.6360023183527,696.0
1052.870804648684,695.0
1053.105585986529,695.0
1053.3403463247564,690.0
1053.575085656236,714.0
1053.8098039738372,711.0
1054.0445012704288,718.0
1054.2791775388798,708.0
1054.51383277206,700.0
1054.748466962838,693.0
1054.9830801040828,700.0
1055.2176721886644,690.0
1055.4522432094514,692.0
1055.6867931593129,699.0
1055.9213220311183,702.0
1056.155829817737,704.0
1056.390316512038,710.0
1056.62478210689,695.0
1056.8592265951627,717.0
1057.0936499697254,693.0
1057.328052223447,689.0
1057.5624333491967,690.0
1057.7967933398438,696.0
1058.0311321882575,706.0
1058.2654498873062,691.0
1058.4997464298606,693.0
1058.7340218087886,702.0
1058.9682760169599,692.0
1059.2025090472437,684.0
1059.436720892509,702.0
1059.6709115456251,697.0
1059.905080999461,699.0
1060.1392292468863,690.0
1060.37335628077,698.0
1060.6074620939805,711.0
1060.8415466793879,705.0
1061.0756100298615,688.0
1061.30965213827,708.0
1061.5436729974824,705.0
1061.7776726003685,698.0
1062.0116509397972,712.0
1062.2456080086374,701.0
1062.4795437997586,696.0
1062.7134583060301,691.0
1062.9473515203206,702.0
1063.1812234354995,698.0
1063.4150740444363,686.0
1063.64890334,695.0
1063.8827113150594,688.0
1064.1164979624841,704.0
1064.3502632751433,708.0
1064.5840072459057,712.0
1064.8177298676412,691.0
1065.0514311332183,701.0
1065.285111035507,706.0
1065.5187695673753,710.0
1065.7524067216932,708.0
1065.9860224913302,712.0
1066.2196168691544,717.0
1066.4531898480357,718.0
1066.6867414208434,730.0
1066.9202715804463,705.0
1067.1537803197136,704.0
1067.3872676315148,701.0
1067.620733508719,701.0
1067.854177944195,689.0
1068.0876009308122,706.0
1068.32100246144,697.0
1068.5543825289476,694.0
1068.7877411262034,701.0
1069.0210782460776,695.0
1069.2543938814388,707.0
1069.4876880251563,715.0
1069.7209606700992,689.0
1069.954211809137,696.0
1070.1874414351385,694.0
1070.420649540973,709.0
1070.65383611951,727.0
1070.8870011636184,705.0
1071.1201446661669,698.0
1071.3532666200256,702.0
1071.5863670180631,695.0
1071.8194458531486,702.0
1072.0525031181514,682.0
1072.285538805941,702.0
1072.5185529093862,702.0
1072.751545421356,696.0
1072.9845163347197,697.0
1073.2174656423472,704.0
1073.4503933371066,700.0
1073.6832994118674,704.0
1073.9161838594994,680.0
1074.1490466728715,698.0
1074.3818878448521,710.0
1074.614707368311,687.0
1074.8475052361177,712.0
1075.0802814411409,692.0
1075.31303597625,708.0
1075.545768834314,718.0
1075.7784800082022,692.0
1076.011169490784,699.0
1076.2438372749277,712.0
1076.4764833535037,703.0
1076.7091077193804,711.0
1076.941710365427,702.0
1077.1742912845134,701.0
1077.406850469508,692.0
1077.63938791328,695.0
1077.8719036086989,701.0
1078.1043975486339,698.0
1078.3368697259539,707.0
1078.569320133528,692.0
1078.8017487642262,700.0
1079.034155610917,689.0
1079.2665406664692,706.0
1079.4989039237528,714.0
1079.731245375637,702.0
1079.9635650149899,716.0
1080.1958628346817,707.0
1080.4281388275815,688.0
1080.6603929865578,695.0
1080.8926253044806,683.0
1081.1248357742188,692.0
1081.3570243886415,677.0
1081.5891911406175,696.0
1081.8213360230163,713.0
1082.0534590287077,707.0
1082.2855601505598,716.0
1082.5176393814427,695.0
1082.7496967142251,698.0
1082.9817321417763,698.0
1083.213745656965,693.0
1083.4457372526613,708.0
1083.6777069217337,717.0
1083.9096546570515,698.0
1084.1415804514838,708.0
1084.3734842979004,696.0
1084.6053661891701,704.0
1084.8372261181617,690.0
1085.0690640777445,688.0
1085.3008800607884,688.0
1085.5326740601615,711.0
1085.7644460687336,700.0
1085.9961960793742,698.0
1086.2279240849518,696.0
1086.4596300783357,702.0
1086.6913140523952,691.0
1086.922976,699.0
1087.1546159140184,700.0
1087.3862337873202,700.0
1087.6178296127744,689.0
1087.8494033832499,695.0
1088.080955091616,713.0
1088.3124847307424,702.0
1088.5439922934977,708.0
1088.7754777727512,706.0
1089.0069411613722,698.0
1089.23838245223,705.0
1089.4698016381935,707.0
1089.7011987121316,695.0
1089.9325736669143,708.0
1090.1639264954104,704.0
1090.3952571904888,716.0
1090.6265657450188,693.0
1090.8578521518698,714.0
1091.0891164039108,713.0
1091.320358494011,683.0
1091.55157841504,695.0
1091.7827761598664,700.0
1092.0139517213595,702.0
1092.2451050923883,705.0
1092.4762362658228,704.0
1092.7073452345312,720.0
1092.938431991383,722.0
1093.169496529248,699.0
1093.4005388409946,709.0
1093.6315589194921,697.0
1093.8625567576098,702.0
1094.0935323482172,691.0
1094.324485684183,686.0
1094.5554167583764,688.0
1094.786325563667,693.0
1095.0172120929237,700.0
1095.2480763390156,701.0
1095.478918294812,704.0
1095.7097379531822,700.0
1095.9405353069951,704.0
1096.1713103491197,696.0
1096.402063072426,705.0
1096.6327934697827,691.0
1096.8635015340587,693.0
1097.0941872581234,690.0
1097.3248506348464,705.0
1097.555491657096,708.0
1097.786110317742,697.0
1098.0167066096537,706.0
1098.2472805257,704.0
1098.4778320587498,711.0
1098.708361201673,690.0
1098.9388679473382,704.0
1099.1693522886146,719.0
1099.3998142183718,709.0
1099.6302537294787,712.0
1099.8606708148043,698.0
1100.0910654672182,716.0
1100.3214376795893,703.0
1100.551787444787,697.0
1100.78211475568,708.0
1101.012419605138,713.0
1101.2427019860297,689.0
1101.472961891225,702.0
1101.7031993135922,694.0
1101.9334142460011,693.0
1102.163606681321,699.0
1102.3937766124204,699.0
1102.6239240321688,694.0
1102.8540489334357,715.0
1103.08415130909,714.0
1103.3142311520007,697.0
1103.5442884550375,698.0
1103.7743232110693,681.0
1104.0043354129648,682.0
1104.2343250535937,700.0
1104.4642921258253,697.0
1104.6942366225285,709.0
1104.9241585365723,686.0
1105.1540578608267,692.0
1105.3839345881602,715.0
1105.6137887114417,708.0
1105.843620223541,696.0
1106.0734291173271,694.0
1106.303215385669,715.0
1106.532979021436,695.0
1106.7627200174977,687.0
1106.9924383667226,695.0
1107.2221340619801,697.0
1107.4518070961394,694.0
1107.68145746207,695.0
1107.9110851526407,701.0
1108.1406901607204,692.0
1108.3702724791792,709.0
1108.5998321008858,713.0
1108.8293690187086,699.0
1109.058883225518,690.0
1109.2883747141827,699.0
1109.5178434775717,705.0
1109.7472895085543,704.0
1109.9767128,711.0
1110.2061133447776,718.0
1110.4354911357561,730.0
1110.6648461658053,708.0
1110.8941784277938,702.0
1111.1234879145911,716.0
1111.3527746190662,696.0
1111.5820385340887,694.0
1111.8112796525272,699.0
1112.0404979672512,691.0
1112.26969347113,707.0
1112.4988661570326,698.0
1112.7280160178277,704.0
1112.9571430463852,717.0
1113.1862472355745,700.0
1113.4153285782636,701.0
1113.6443870673227,729.0
1113.873422695621,704.0
1114.102435456027,700.0
1114.3314253414103,708.0
1114.56039234464,705.0
1114.7893364585852,697.0
1115.0182576761154,720.0
1115.2471559900994,701.0
1115.4760313934066,700.0
1115.7048838789065,694.0
1115.9337134394673,708.0
1116.162520067959,707.0
1116.3913037572506,716.0
1116.6200645002111,699.0
1116.8488022897097,697.0
1117.0775171186162,691.0
1117.3062089797993,696.0
1117.5348778661275,696.0
1117.7635237704712,702.0
1117.9921466856988,704.0
1118.2207466046796,709.0
1118.4493235202829,709.0
1118.677877425378,709.0
1118.9064083128344,707.0
1119.13491617552,689.0
1119.3634010063051,695.0
1119.5918627980586,704.0
1119.8203015436497,702.0
1120.0487172359474,687.0
1120.2771098678213,701.0
1120.50547943214,700.0
1120.733825921773,717.0
1120.9621493295897,702.0
1121.190449648459,690.0
1121.4187268712499,702.0
1121.646980990832,713.0
1121.875212000074,708.0
1122.1034198918458,710.0
1122.3316046590157,710.0
1122.5597662944538,700.0
1122.7879047910287,702.0
1123.0160201416093,709.0
1123.2441123390652,696.0
1123.472181376266,696.0
1123.70022724608,694.0
1123.9282499413766,688.0
1124.1562494550258,708.0
1124.384225779896,698.0
1124.6121789088563,680.0
1124.8401088347762,711.0
1125.068015550525,701.0
1125.2958990489715,699.0
1125.523759322985,713.0
1125.7515963654348,709.0
1125.97941016919,699.0
1126.20720072712,697.0
1126.4349680320934,705.0
1126.66271207698,698.0
1126.8904328546485,693.0
1127.1181303579688,693.0
1127.3458045798093,716.0
1127.5734555130396,698.0
1127.8010831505285,688.0
1128.0286874851456,690.0
1128.25626850976,700.0
1128.4838262172407,717.0
1128.7113606004568,700.0
1128.938871652278,691.0
1129.166359365573,713.0
1129.393823733211,692.0
1129.6212647480618,704.0
1129.8486824029935,707.0
1130.076076690876,711.0
1130.3034476045787,697.0
1130.53079513697,695.0
1130.7581192809196,696.0
1130.9854200292964,710.0
1131.2126973749703,718.0
1131.4399513108094,697.0
1131.6671818296836,699.0
1131.894388924462,705.0
1132.1215725880136,708.0
1132.3487328132076,698.0
1132.5758695929133,708.0
1132.80298292,726.0
1133.0300727873366,710.0
1133.2571391877923,697.0
1133.4841821142363,720.0
1133.711201559538,706.0
1133.938197516566,710.0
1134.1651699781903,696.0
1134.3921189372797,717.0
1134.6190443867035,706.0
1134.8459463193303,696.0
1135.07282472803,700.0
1135.2996796056714,717.0
1135.5265109451238,718.0
1135.7533187392562,710.0
1135.9801029809382,708.0
1136.2068636630388,687.0
1136.433600778427,709.0
1136.6603143199718,705.0
1136.8870042805431,707.0
1137.1136706530094,715.0
1137.3403134302398,702.0
1137.5669326051043,711.0
1137.7935281704715,718.0
1138.0201001192104,710.0
1138.2466484441907,681.0
1138.4731731382813,702.0
1138.6996741943512,698.0
1138.9261516052698,705.0
1139.1526053639066,707.0
1139.37903546313,711.0
1139.6054418958097,709.0
1139.8318246548151,696.0
1140.058183733015,708.0
1140.2845191232784,705.0
1140.5108308184751,712.0
1140.737118811474,690.0
1140.9633830951436,691.0
1141.1896236623538,695.0
1141.415840505974,704.0
1141.6420336188733,707.0
1141.86820299392,694.0
1142.0943486239842,704.0
1142.3204705019348,697.0
1142.5465686206405,710.0
1142.7726429729714,696.0
1142.9986935517961,698.0
1143.2247203499842,708.0
1143.4507233604043,724.0
1143.6767025759257,693.0
1143.902657989418,696.0
1144.12858959375,710.0
1144.354497381791,696.0
1144.5803813464101,712.0
1144.806241480477,704.0
1145.03207777686,700.0
1145.2578902284286,716.0
1145.4836788280525,706.0
1145.7094435686001,686.0
1145.9351844429411,707.0
1146.1609014439448,707.0
1146.38659456448,701.0
1146.6122637974156,705.0
1146.8379091356217,711.0
1147.0635305719668,691.0
1147.2891280993201,702.0
1147.5147017105512,691.0
1147.740251398529,682.0
1147.9657771561226,717.0
1148.1912789762007,690.0
1148.4167568516339,709.0
1148.64221077529,697.0
1148.8676407400387,705.0
1149.0930467387493,699.0
1149.318428764291,706.0
1149.5437868095328,704.0
1149.7691208673436,698.0
1149.9944309305934,718.0
1150.2197169921506,720.0
1150.4449790448846,708.0
1150.6702170816645,701.0
1150.89543109536,694.0
1151.1206210788398,708.0
1151.3457870249727,709.0
1151.570928926629,692.0
1151.7960467766773,683.0
1152.0211405679863,707.0
1152.2462102934257,697.0
1152.4712559458646,705.0
1152.6962775181719,699.0
1152.9212750032173,714.0
1153.1462483938699,712.0
1153.3711976829986,696.0
1153.5961228634726,699.0
1153.821023928161,704.0
1154.0459008699336,705.0
1154.2707536816588,679.0
1154.495582356206,713.0
1154.7203868864447,700.0
1154.9451672652438,696.0
1155.1699234854725,697.0
1155.39465554,677.0
1155.6193634216954,699.0
1155.8440471234283,700.0
1156.0687066380672,705.0
1156.2933419584817,699.0
1156.5179530775413,689.0
1156.7425399881142,703.0
1156.9671026830706,704.0
1157.1916411552795,710.0
1157.4161553976094,713.0
1157.64064540293,700.0
1157.8651111641102,713.0
1158.0895526740196,713.0
1158.3139699255273,705.0
1158.5383629115024,705.0
1158.7627316248138,696.0
1158.9870760583308,697.0
1159.2113962049227,711.0
1159.435692057459,721.0
1159.659963608808,708.0
1159.8842108518397,704.0
1160.1084337794232,718.0
1160.3326323844276,716.0
1160.5568066597216,712.0
1160.7809565981745,716.0
1161.0050821926561,706.0
1161.229183436035,724.0
1161.453260321181,694.0
1161.6773128409625,702.0
1161.9013409882493,710.0
1162.12534475591,722.0
1162.3493241368142,720.0
1162.573279123831,705.0
1162.7972097098295,713.0
1163.0211158876791,717.0
1163.2449976502487,701.0
1163.4688549904079,705.0
1163.692687901025,699.0
1163.9164963749702,729.0
1164.140280405112,696.0
1164.36403998432,713.0
1164.587775105463,702.0
1164.8114857614105,691.0
1165.0351719450318,699.0
1165.2588336491956,696.0
1165.482470866771,701.0
1165.7060835906282,709.0
1165.9296718136352,699.0
1166.1532355286618,704.0
1166.376774728577,713.0
1166.60028940625,713.0
1166.82377955455,713.0
1167.0472451663463,702.0
1167.2706862345078,713.0
1167.494102751904,697.0
1167.7174947114036,702.0
1167.9408621058765,696.0
1168.164204928191,702.0
1168.387523171217,709.0
1168.610816827824,704.0
1168.83408589088,706.0
1169.0573303532549,700.0
1169.2805502078177,698.0
1169.503745447438,700.0
1169.7269160649842,678.0
1169.950062053326,703.0
1170.1731834053328,693.0
1170.3962801138737,694.0
1170.619352171817,699.0
1170.8423995720327,700.0
1171.06542230739,699.0
1171.2884203707579,699.0
1171.5113937550052,703.0
1171.734342453002,698.0
1171.957266457617,698.0
1172.1801657617189,710.0
1172.4030403581771,699.0
1172.6258902398615,690.0
1172.8487153996405,698.0
1173.0715158303835,698.0
1173.29429152496,715.0
1173.5170424762389,695.0
1173.7397686770892,689.0
1173.96247012038,705.0
1174.1851467989811,705.0
1174.4077987057613,680.0
1174.6304258335895,691.0
1174.8530281753356,705.0
1175.0756057238682,700.0
1175.2981584720562,711.0
1175.52068641277,707.0
1175.7431895388777,702.0
1175.9656678432486,694.0
1176.188121318752,696.0
1176.4105499582574,685.0
1176.6329537546337,706.0
1176.8553327007498,704.0
1177.0776867894756,700.0
1177.3000160136799,703.0
1177.5223203662313,706.0
1177.7445998399999,697.0
1177.9668544278545,710.0
1178.189084122664,705.0
1178.4112889172982,701.0
1178.6334688046259,703.0
1178.8556237775163,693.0
1179.0777538288385,693.0
1179.2998589514618,716.0
1179.5219391382552,716.0
1179.7439943820882,717.0
1179.9660246758299,705.0
1180.1880300123494,703.0
1180.410010384516,693.0
1180.6319657851984,699.0
1180.8538962072662,696.0
1181.0758016435886,715.0
1181.2976820870347,712.0
1181.5195375304736,716.0
1181.7413679667748,711.0
1181.9631733888075,720.0
1182.18495378944,689.0
1182.4067091615423,696.0
1182.6284394979834,706.0
1182.8501447916326,711.0
1183.0718250353586,708.0
1183.2934802220311,698.0
1183.5151103445194,709.0
1183.736715395692,709.0
1183.9582953684185,710.0
1184.1798502555682,700.0
1184.40138005001,697.0
1184.622884744613,713.0
1184.844364332247,716.0
1185.0658188057805,712.0
1185.2872481580828,710.0
1185.5086523820237,714.0
1185.7300314704719,712.0
1185.951385416296,704.0
1186.172714212366,699.0
1186.394017851551,694.0
1186.61529632672,700.0
1186.836549630742,694.0
1187.0577777564868,701.0
1187.2789806968228,720.0
1187.5001584446195,707.0
1187.721310992746,700.0
1187.9424383340722,691.0
1188.1635404614663,711.0
1188.3846173677975,704.0
1188.6056690459359,700.0
1188.82669548875,702.0
1189.047696689109,729.0
1189.2686726398822,692.0
1189.4896233339389,704.0
1189.7105487641477,692.0
1189.9314489233786,699.0
1190.1523238045004,704.0
1190.3731734003823,698.0
1190.5939977038934,711.0
1190.8147967079026,702.0
1191.0355704052802,720.0
1191.2563187888939,693.0
1191.4770418516136,704.0
1191.697739586309,697.0
1191.9184119858485,694.0
1192.1390590431013,706.0
1192.3596807509368,691.0
1192.5802771022243,706.0
1192.800848089833,696.0
1193.0213937066317,722.0
1193.24191394549,698.0
1193.462408799277,704.0
1193.6828782608613,701.0
1193.903322323113,713.0
1194.1237409789007,693.0
1194.3441342210936,708.0
1194.5645020425611,695.0
1194.7848444361723,693.0
1195.0051613947967,707.0
1195.2254529113025,706.0
1195.4457189785599,703.0
1195.6659595894378,694.0
1195.8861747368048,692.0
1196.106364413531,722.0
1196.3265286124852,693.0
1196.5466673265362,698.0
1196.7667805485535,704.0
1196.9868682714066,714.0
1197.2069304879642,695.0
1197.4269671910956,695.0
1197.6469783736698,714.0
1197.8669640285566,708.0
1198.0869241486246,712.0
1198.306858726743,701.0
1198.5267677557813,714.0
1198.7466512286087,712.0
1198.9665091380941,702.0
1199.1863414771067,703.0
1199.4061482385157,687.0
1199.6259294151903,704.0
1199.8456849999998,723.0
1200.0654149858135,710.0
1200.2851193655003,700.0
1200.5047981319292,706.0
1200.7244512779698,694.0
1200.944078796491,712.0
1201.1636806803624,706.0
1201.3832569224526,694.0
1201.6028075156314,717.0
1201.8223324527676,708.0
1202.0418317267302,703.0
1202.2613053303883,667.0
1202.480753256612,697.0
1202.7001754982693,711.0
1202.9195720482303,738.0
1203.1389428993637,687.0
1203.358288044539,699.0
1203.5776074766247,697.0
1203.796901188491,700.0
1204.0161691730061,708.0
1204.23541142304,697.0
1204.4546279314611,708.0
1204.6738186911393,699.0
1204.8929836949435,702.0
1205.1121229357425,715.0
1205.3312364064063,707.0
1205.5503240998032,703.0
1205.769386008803,698.0
1205.9884221262744,689.0
1206.2074324450873,709.0
1206.42641695811,697.0
1206.645375658212,702.0
1206.864308538263,692.0
1207.0832155911316,705.0
1207.302096809687,705.0
1207.5209521867987,700.0
1207.7397817153358,684.0
1207.958585388167,708.0
1208.177363198162,714.0
1208.39611513819,702.0
1208.61484120112,713.0
1208.833541379821,701.0
1209.0522156671625,706.0
1209.2708640560136,712.0
1209.4894865392434,690.0
1209.708083109721,698.0
1209.926653760316,684.0
1210.1451984838973,715.0
1210.3637172733338,700.0
1210.5822101214949,708.0
1210.80067702125,698.0
1211.0191179654678,703.0
1211.237532947018,708.0
1211.4559219587697,713.0
1211.674284993592,718.0
1211.8926220443539,711.0
1212.1109331039243,698.0
1212.3292181651734,712.0
1212.5474772209693,702.0
1212.7657102641817,693.0
1212.98391728768,691.0
1213.202098284333,701.0
1213.4202532470097,716.0
1213.6383821685797,707.0
1213.8564850419123,698.0
1214.0745618598762,691.0
1214.2926126153407,706.0
1214.5106373011754,723.0
1214.7286359102488,718.0
1214.9466084354306,703.0
1215.16455486959,693.0
1215.382475205596,704.0
1215.6003694363176,701.0
1215.818237554624,705.0
1216.0360795533848,703.0
1216.2538954254685,694.0
1216.4716851637452,714.0
1216.6894487610834,704.0
1216.9071862103526,689.0
1217.1248975044218,706.0
1217.34258263616,706.0
1217.5602415984367,705.0
1217.7778743841209,697.0
1217.995480986082,700.0
1218.213061397189,708.0
1218.4306156103114,711.0
1218.6481436183176,696.0
1218.8656454140776,678.0
1219.0831209904602,718.0
1219.3005703403344,694.0
1219.51799345657,702.0
1219.7353903320356,714.0
1219.952760959601,715.0
1220.1701053321342,701.0
1220.3874234425055,706.0
1220.6047152835838,713.0
1220.821980848238,709.0
1221.0392201293375,709.0
1221.2564331197518,702.0
1221.4736198123496,700.0
1221.6907802,691.0
1221.9079142755725,713.0
1222.1250220319362,688.0
1222.3421034619603,705.0
1222.559158558514,688.0
1222.7761873144661,707.0
1222.9931897226866,716.0
1223.2101657760436,698.0
1223.4271154674072,707.0
1223.6440387896464,709.0
1223.86093573563,702.0
1224.0778062982272,721.0
1224.2946504703077,714.0
1224.5114682447404,712.0
1224.7282596143941,695.0
1224.9450245721387,721.0
1225.1617631108431,707.0
1225.3784752233757,710.0
1225.595160902607,718.0
1225.8118201414054,723.0
1226.0284529326398,703.0
1226.24505926918,699.0
1226.4616391438954,708.0
1226.6781925496548,716.0
1226.8947194793266,709.0
1227.1112199257811,705.0
1227.3276938818872,702.0
1227.5441413405138,709.0
1227.7605622945302,704.0
1227.9769567368062,711.0
1228.19332466021,692.0
1228.409666057611,697.0
1228.6259809218789,709.0
1228.8422692458826,710.0
1229.058531022491,711.0
1229.2747662445736,697.0
1229.4909749049996,705.0
1229.707156996638,705.0
1229.9233125123583,720.0
1230.139441445029,709.0
1230.35554378752,691.0
1230.5716195327002,690.0
1230.7876686734385,716.0
1231.0036912026048,699.0
1231.2196871130675,717.0
1231.4356563976962,718.0
1231.65159904936,703.0
1231.8675150609283,716.0
